TRUNCATE grades, assignments, modules, categories, students, classes RESTART IDENTITY CASCADE;
INSERT INTO students (first_name, last_name) VALUES
('Josue', 'Asuncion'),
('Harry', 'Ballard V'),
('Briana', 'Battle'),
('Luna', 'Cantres'),
('Anthony', 'Constantine III'),
('Dante', 'Faustner'),
('Inali', 'Feliciano'),
('Abiezer', 'Gomez Gauthier'),
('Joniel', 'Gonzalez'),
('Blake', 'Grant'),
('Julyana', 'Lewis'),
('Dabriellyz', 'Maldonado'),
('Nolayah', 'McBee'),
('King', 'McCall'),
('Amiyah', 'Mills'),
('Mary', 'Mumpton'),
('Travis', 'Richards'),
('Kaylee', 'Rivera Laboy'),
('Weston', 'Tiano'),
('Emmalina', 'Torres'),
('Ezequiel', 'Torres'),
('Fabio', 'Vargas De Paz'),
('Eva', 'Villafane-Velez');
INSERT INTO classes (name, color, teacher_id) VALUES
('Math', '#2563eb', 'admin'),
('English', '#9333ea', 'admin'),
('Science', '#16a34a', 'admin'),
('Social Studies', '#ea580c', 'admin');

DO $$
DECLARE m_id INT; e_id INT; s_id INT; ss_id INT;
BEGIN
    SELECT id INTO m_id FROM classes WHERE name = 'Math';
    SELECT id INTO e_id FROM classes WHERE name = 'English';
    SELECT id INTO s_id FROM classes WHERE name = 'Science';
    SELECT id INTO ss_id FROM classes WHERE name = 'Social Studies';
    FOR i IN 1..6 LOOP INSERT INTO modules (name, class_id, sort_order) VALUES ('Module ' || i, m_id, i); END LOOP;
    FOR i IN 1..3 LOOP INSERT INTO modules (name, class_id, sort_order) VALUES ('Module ' || i, e_id, i); END LOOP;
    FOR i IN 1..6 LOOP INSERT INTO modules (name, class_id, sort_order) VALUES ('Module ' || i, s_id, i); END LOOP;
    FOR i IN 1..6 LOOP INSERT INTO modules (name, class_id, sort_order) VALUES ('Module ' || i, ss_id, i); END LOOP;
    INSERT INTO categories (name, weight, class_id) VALUES 
    ('Homework', 20, m_id), ('Assessment', 40, m_id), ('Project', 40, m_id),
    ('Homework', 20, e_id), ('Assessment', 40, e_id), ('Project', 40, e_id),
    ('Homework', 20, s_id), ('Assessment', 40, s_id), ('Project', 40, s_id),
    ('Homework', 20, ss_id), ('Assessment', 40, ss_id), ('Project', 40, ss_id);
END $$;

CREATE TEMP TABLE raw_grades (c TEXT, m TEXT, cat TEXT, a TEXT, sf TEXT, sl TEXT, sc DECIMAL);
INSERT INTO raw_grades VALUES
('Math', 'Module 1', 'Assessment', 'Topic A Quiz', 'Josue', 'Asuncion', 83.33),
('Math', 'Module 1', 'Assessment', 'Topic B Quiz', 'Josue', 'Asuncion', 100.0),
('Math', 'Module 1', 'Assessment', 'Topic C Quiz', 'Josue', 'Asuncion', 81.25),
('Math', 'Module 1', 'Assessment', 'Topic D Quiz', 'Josue', 'Asuncion', 90.0),
('Math', 'Module 1', 'Assessment', 'Topic E Quiz', 'Josue', 'Asuncion', 100.0),
('Math', 'Module 1', 'Assessment', 'Module 1 Assessment', 'Josue', 'Asuncion', 74.07),
('Math', 'Module 1', 'Assessment', 'Topic A Quiz', 'Harry', 'Ballard V', 100.0),
('Math', 'Module 1', 'Assessment', 'Topic B Quiz', 'Harry', 'Ballard V', 100.0),
('Math', 'Module 1', 'Assessment', 'Topic C Quiz', 'Harry', 'Ballard V', 75.0),
('Math', 'Module 1', 'Assessment', 'Topic D Quiz', 'Harry', 'Ballard V', 100.0),
('Math', 'Module 1', 'Assessment', 'Topic E Quiz', 'Harry', 'Ballard V', 100.0),
('Math', 'Module 1', 'Assessment', 'Module 1 Assessment', 'Harry', 'Ballard V', 88.89),
('Math', 'Module 1', 'Assessment', 'Topic A Quiz', 'Briana', 'Battle', 8.33),
('Math', 'Module 1', 'Assessment', 'Topic B Quiz', 'Briana', 'Battle', 50.0),
('Math', 'Module 1', 'Assessment', 'Topic C Quiz', 'Briana', 'Battle', 25.0),
('Math', 'Module 1', 'Assessment', 'Topic E Quiz', 'Briana', 'Battle', 66.67),
('Math', 'Module 1', 'Assessment', 'Module 1 Assessment', 'Briana', 'Battle', 18.52),
('Math', 'Module 1', 'Assessment', 'Topic A Quiz', 'Luna', 'Cantres', 0.0),
('Math', 'Module 1', 'Assessment', 'Topic B Quiz', 'Luna', 'Cantres', 21.43),
('Math', 'Module 1', 'Assessment', 'Topic C Quiz', 'Luna', 'Cantres', 6.25),
('Math', 'Module 1', 'Assessment', 'Topic D Quiz', 'Luna', 'Cantres', 30.0),
('Math', 'Module 1', 'Assessment', 'Topic E Quiz', 'Luna', 'Cantres', 43.33),
('Math', 'Module 1', 'Assessment', 'Module 1 Assessment', 'Luna', 'Cantres', 11.11),
('Math', 'Module 1', 'Assessment', 'Topic A Quiz', 'Anthony', 'Constantine III', 0.0),
('Math', 'Module 1', 'Assessment', 'Topic B Quiz', 'Anthony', 'Constantine III', 7.14),
('Math', 'Module 1', 'Assessment', 'Topic C Quiz', 'Anthony', 'Constantine III', 75.0),
('Math', 'Module 1', 'Assessment', 'Topic D Quiz', 'Anthony', 'Constantine III', 90.0),
('Math', 'Module 1', 'Assessment', 'Topic E Quiz', 'Anthony', 'Constantine III', 77.78),
('Math', 'Module 1', 'Assessment', 'Module 1 Assessment', 'Anthony', 'Constantine III', 51.85),
('Math', 'Module 1', 'Assessment', 'Topic E Quiz', 'Dante', 'Faustner', 72.22),
('Math', 'Module 1', 'Assessment', 'Module 1 Assessment', 'Dante', 'Faustner', 31.48),
('Math', 'Module 1', 'Assessment', 'Topic B Quiz', 'Inali', 'Feliciano', 64.29),
('Math', 'Module 1', 'Assessment', 'Topic C Quiz', 'Inali', 'Feliciano', 37.5),
('Math', 'Module 1', 'Assessment', 'Topic D Quiz', 'Inali', 'Feliciano', 70.0),
('Math', 'Module 1', 'Assessment', 'Topic E Quiz', 'Inali', 'Feliciano', 77.78),
('Math', 'Module 1', 'Assessment', 'Module 1 Assessment', 'Inali', 'Feliciano', 33.33),
('Math', 'Module 1', 'Assessment', 'Topic A Quiz', 'Abiezer', 'Gomez Gauthier', 91.67),
('Math', 'Module 1', 'Assessment', 'Topic B Quiz', 'Abiezer', 'Gomez Gauthier', 85.71),
('Math', 'Module 1', 'Assessment', 'Topic C Quiz', 'Abiezer', 'Gomez Gauthier', 100.0),
('Math', 'Module 1', 'Assessment', 'Topic D Quiz', 'Abiezer', 'Gomez Gauthier', 70.0),
('Math', 'Module 1', 'Assessment', 'Topic E Quiz', 'Abiezer', 'Gomez Gauthier', 100.0),
('Math', 'Module 1', 'Assessment', 'Module 1 Assessment', 'Abiezer', 'Gomez Gauthier', 61.11),
('Math', 'Module 1', 'Assessment', 'Topic A Quiz', 'Joniel', 'Gonzalez', 58.33),
('Math', 'Module 1', 'Assessment', 'Topic B Quiz', 'Joniel', 'Gonzalez', 92.86),
('Math', 'Module 1', 'Assessment', 'Topic C Quiz', 'Joniel', 'Gonzalez', 87.5),
('Math', 'Module 1', 'Assessment', 'Topic D Quiz', 'Joniel', 'Gonzalez', 60.0),
('Math', 'Module 1', 'Assessment', 'Topic E Quiz', 'Joniel', 'Gonzalez', 100.0),
('Math', 'Module 1', 'Assessment', 'Module 1 Assessment', 'Joniel', 'Gonzalez', 55.56),
('Math', 'Module 1', 'Assessment', 'Topic A Quiz', 'Blake', 'Grant', 75.0),
('Math', 'Module 1', 'Assessment', 'Topic B Quiz', 'Blake', 'Grant', 85.71),
('Math', 'Module 1', 'Assessment', 'Topic C Quiz', 'Blake', 'Grant', 100.0),
('Math', 'Module 1', 'Assessment', 'Topic D Quiz', 'Blake', 'Grant', 33.33),
('Math', 'Module 1', 'Assessment', 'Topic E Quiz', 'Blake', 'Grant', 72.22),
('Math', 'Module 1', 'Assessment', 'Module 1 Assessment', 'Blake', 'Grant', 85.19),
('Math', 'Module 1', 'Assessment', 'Topic B Quiz', 'Julyana', 'Lewis', 64.29),
('Math', 'Module 1', 'Assessment', 'Topic C Quiz', 'Julyana', 'Lewis', 31.25),
('Math', 'Module 1', 'Assessment', 'Topic D Quiz', 'Julyana', 'Lewis', 60.0),
('Math', 'Module 1', 'Assessment', 'Topic E Quiz', 'Julyana', 'Lewis', 77.78),
('Math', 'Module 1', 'Assessment', 'Module 1 Assessment', 'Julyana', 'Lewis', 70.37),
('Math', 'Module 1', 'Assessment', 'Topic A Quiz', 'Dabriellyz', 'Maldonado', 50.0),
('Math', 'Module 1', 'Assessment', 'Topic B Quiz', 'Dabriellyz', 'Maldonado', 42.86),
('Math', 'Module 1', 'Assessment', 'Topic C Quiz', 'Dabriellyz', 'Maldonado', 62.5),
('Math', 'Module 1', 'Assessment', 'Topic D Quiz', 'Dabriellyz', 'Maldonado', 80.0),
('Math', 'Module 1', 'Assessment', 'Topic E Quiz', 'Dabriellyz', 'Maldonado', 72.22),
('Math', 'Module 1', 'Assessment', 'Module 1 Assessment', 'Dabriellyz', 'Maldonado', 79.63),
('Math', 'Module 1', 'Assessment', 'Topic A Quiz', 'Nolayah', 'McBee', 58.33),
('Math', 'Module 1', 'Assessment', 'Topic B Quiz', 'Nolayah', 'McBee', 42.86),
('Math', 'Module 1', 'Assessment', 'Topic C Quiz', 'Nolayah', 'McBee', 6.25),
('Math', 'Module 1', 'Assessment', 'Topic D Quiz', 'Nolayah', 'McBee', 60.0),
('Math', 'Module 1', 'Assessment', 'Topic E Quiz', 'Nolayah', 'McBee', 77.78),
('Math', 'Module 1', 'Assessment', 'Module 1 Assessment', 'Nolayah', 'McBee', 38.89),
('Math', 'Module 1', 'Assessment', 'Topic A Quiz', 'King', 'McCall', 41.67),
('Math', 'Module 1', 'Assessment', 'Topic B Quiz', 'King', 'McCall', 100.0),
('Math', 'Module 1', 'Assessment', 'Topic C Quiz', 'King', 'McCall', 56.25),
('Math', 'Module 1', 'Assessment', 'Topic D Quiz', 'King', 'McCall', 60.0),
('Math', 'Module 1', 'Assessment', 'Topic E Quiz', 'King', 'McCall', 94.44),
('Math', 'Module 1', 'Assessment', 'Module 1 Assessment', 'King', 'McCall', 87.04),
('Math', 'Module 1', 'Assessment', 'Topic A Quiz', 'Amiyah', 'Mills', 41.67),
('Math', 'Module 1', 'Assessment', 'Topic C Quiz', 'Amiyah', 'Mills', 43.75),
('Math', 'Module 1', 'Assessment', 'Topic D Quiz', 'Amiyah', 'Mills', 60.0),
('Math', 'Module 1', 'Assessment', 'Topic E Quiz', 'Amiyah', 'Mills', 50.0),
('Math', 'Module 1', 'Assessment', 'Module 1 Assessment', 'Amiyah', 'Mills', 27.78),
('Math', 'Module 1', 'Assessment', 'Topic A Quiz', 'Mary', 'Mumpton', 100.0),
('Math', 'Module 1', 'Assessment', 'Topic B Quiz', 'Mary', 'Mumpton', 100.0),
('Math', 'Module 1', 'Assessment', 'Topic C Quiz', 'Mary', 'Mumpton', 87.5),
('Math', 'Module 1', 'Assessment', 'Topic D Quiz', 'Mary', 'Mumpton', 80.0),
('Math', 'Module 1', 'Assessment', 'Topic E Quiz', 'Mary', 'Mumpton', 100.0),
('Math', 'Module 1', 'Assessment', 'Module 1 Assessment', 'Mary', 'Mumpton', 100.0),
('Math', 'Module 1', 'Assessment', 'Topic A Quiz', 'Travis', 'Richards', 75.0),
('Math', 'Module 1', 'Assessment', 'Topic B Quiz', 'Travis', 'Richards', 85.71),
('Math', 'Module 1', 'Assessment', 'Topic C Quiz', 'Travis', 'Richards', 62.5),
('Math', 'Module 1', 'Assessment', 'Topic D Quiz', 'Travis', 'Richards', 80.0),
('Math', 'Module 1', 'Assessment', 'Topic E Quiz', 'Travis', 'Richards', 72.22),
('Math', 'Module 1', 'Assessment', 'Module 1 Assessment', 'Travis', 'Richards', 66.67),
('Math', 'Module 1', 'Assessment', 'Topic A Quiz', 'Kaylee', 'Rivera Laboy', 58.33),
('Math', 'Module 1', 'Assessment', 'Topic B Quiz', 'Kaylee', 'Rivera Laboy', 100.0),
('Math', 'Module 1', 'Assessment', 'Topic C Quiz', 'Kaylee', 'Rivera Laboy', 93.75),
('Math', 'Module 1', 'Assessment', 'Topic D Quiz', 'Kaylee', 'Rivera Laboy', 90.0),
('Math', 'Module 1', 'Assessment', 'Topic E Quiz', 'Kaylee', 'Rivera Laboy', 100.0),
('Math', 'Module 1', 'Assessment', 'Module 1 Assessment', 'Kaylee', 'Rivera Laboy', 87.04);
INSERT INTO raw_grades VALUES
('Math', 'Module 1', 'Assessment', 'Topic A Quiz', 'Weston', 'Tiano', 66.67),
('Math', 'Module 1', 'Assessment', 'Topic B Quiz', 'Weston', 'Tiano', 67.86),
('Math', 'Module 1', 'Assessment', 'Topic C Quiz', 'Weston', 'Tiano', 18.75),
('Math', 'Module 1', 'Assessment', 'Topic D Quiz', 'Weston', 'Tiano', 30.0),
('Math', 'Module 1', 'Assessment', 'Topic E Quiz', 'Weston', 'Tiano', 22.22),
('Math', 'Module 1', 'Assessment', 'Module 1 Assessment', 'Weston', 'Tiano', 29.63),
('Math', 'Module 1', 'Assessment', 'Topic A Quiz', 'Emmalina', 'Torres', 25.0),
('Math', 'Module 1', 'Assessment', 'Topic B Quiz', 'Emmalina', 'Torres', 78.57),
('Math', 'Module 1', 'Assessment', 'Topic D Quiz', 'Emmalina', 'Torres', 60.0),
('Math', 'Module 1', 'Assessment', 'Topic E Quiz', 'Emmalina', 'Torres', 27.78),
('Math', 'Module 1', 'Assessment', 'Topic A Quiz', 'Ezequiel', 'Torres', 50.0),
('Math', 'Module 1', 'Assessment', 'Topic B Quiz', 'Ezequiel', 'Torres', 92.86),
('Math', 'Module 1', 'Assessment', 'Topic C Quiz', 'Ezequiel', 'Torres', 56.25),
('Math', 'Module 1', 'Assessment', 'Topic D Quiz', 'Ezequiel', 'Torres', 70.0),
('Math', 'Module 1', 'Assessment', 'Topic E Quiz', 'Ezequiel', 'Torres', 77.78),
('Math', 'Module 1', 'Assessment', 'Module 1 Assessment', 'Ezequiel', 'Torres', 29.63),
('Math', 'Module 1', 'Assessment', 'Topic A Quiz', 'Fabio', 'Vargas De Paz', 91.67),
('Math', 'Module 1', 'Assessment', 'Topic B Quiz', 'Fabio', 'Vargas De Paz', 85.71),
('Math', 'Module 1', 'Assessment', 'Topic C Quiz', 'Fabio', 'Vargas De Paz', 93.75),
('Math', 'Module 1', 'Assessment', 'Topic D Quiz', 'Fabio', 'Vargas De Paz', 80.0),
('Math', 'Module 1', 'Assessment', 'Topic E Quiz', 'Fabio', 'Vargas De Paz', 77.78),
('Math', 'Module 1', 'Assessment', 'Module 1 Assessment', 'Fabio', 'Vargas De Paz', 85.19),
('Math', 'Module 1', 'Assessment', 'Topic A Quiz', 'Eva', 'Villafane-Velez', 58.33),
('Math', 'Module 1', 'Assessment', 'Topic B Quiz', 'Eva', 'Villafane-Velez', 85.71),
('Math', 'Module 1', 'Assessment', 'Topic C Quiz', 'Eva', 'Villafane-Velez', 100.0),
('Math', 'Module 1', 'Assessment', 'Topic D Quiz', 'Eva', 'Villafane-Velez', 60.0),
('Math', 'Module 1', 'Assessment', 'Module 1 Assessment', 'Eva', 'Villafane-Velez', 81.48),
('Math', 'Module 2', 'Assessment', 'Multiplication Pre-Test', 'Josue', 'Asuncion', 75.0),
('Math', 'Module 2', 'Assessment', 'Topic A Quiz', 'Josue', 'Asuncion', 100.0),
('Math', 'Module 2', 'Assessment', 'Topic B Quiz', 'Josue', 'Asuncion', 100.0),
('Math', 'Module 2', 'Assessment', 'Topic C Quiz', 'Josue', 'Asuncion', 100.0),
('Math', 'Module 2', 'Homework', 'Perimeter & Area', 'Josue', 'Asuncion', 93.75),
('Math', 'Module 2', 'Assessment', 'Topic E Quiz', 'Josue', 'Asuncion', 73.53),
('Math', 'Module 2', 'Assessment', 'Module 2 Assessment', 'Josue', 'Asuncion', 81.03),
('Math', 'Module 2', 'Assessment', 'Trimester 1 Assessment', 'Josue', 'Asuncion', 60.0),
('Math', 'Module 2', 'Assessment', 'Multiplication Pre-Test', 'Harry', 'Ballard V', 72.22),
('Math', 'Module 2', 'Assessment', 'Topic A Quiz', 'Harry', 'Ballard V', 100.0),
('Math', 'Module 2', 'Assessment', 'Topic B Quiz', 'Harry', 'Ballard V', 90.0),
('Math', 'Module 2', 'Assessment', 'Topic C Quiz', 'Harry', 'Ballard V', 100.0),
('Math', 'Module 2', 'Homework', 'Perimeter & Area', 'Harry', 'Ballard V', 93.75),
('Math', 'Module 2', 'Assessment', 'Topic E Quiz', 'Harry', 'Ballard V', 88.24),
('Math', 'Module 2', 'Assessment', 'Module 2 Assessment', 'Harry', 'Ballard V', 86.21),
('Math', 'Module 2', 'Assessment', 'Trimester 1 Assessment', 'Harry', 'Ballard V', 76.0),
('Math', 'Module 2', 'Assessment', 'Multiplication Pre-Test', 'Briana', 'Battle', 16.67),
('Math', 'Module 2', 'Assessment', 'Topic B Quiz', 'Briana', 'Battle', 20.0),
('Math', 'Module 2', 'Assessment', 'Topic E Quiz', 'Briana', 'Battle', 35.29),
('Math', 'Module 2', 'Assessment', 'Module 2 Assessment', 'Briana', 'Battle', 27.59),
('Math', 'Module 2', 'Assessment', 'Trimester 1 Assessment', 'Briana', 'Battle', 24.0),
('Math', 'Module 2', 'Assessment', 'Multiplication Pre-Test', 'Luna', 'Cantres', 13.89),
('Math', 'Module 2', 'Assessment', 'Topic A Quiz', 'Luna', 'Cantres', 12.5),
('Math', 'Module 2', 'Assessment', 'Topic B Quiz', 'Luna', 'Cantres', 0.0),
('Math', 'Module 2', 'Assessment', 'Topic C Quiz', 'Luna', 'Cantres', 0.0),
('Math', 'Module 2', 'Assessment', 'Topic E Quiz', 'Luna', 'Cantres', 35.29),
('Math', 'Module 2', 'Assessment', 'Module 2 Assessment', 'Luna', 'Cantres', 4.31),
('Math', 'Module 2', 'Assessment', 'Trimester 1 Assessment', 'Luna', 'Cantres', 8.0),
('Math', 'Module 2', 'Assessment', 'Multiplication Pre-Test', 'Anthony', 'Constantine III', 38.89),
('Math', 'Module 2', 'Assessment', 'Topic A Quiz', 'Anthony', 'Constantine III', 45.83),
('Math', 'Module 2', 'Assessment', 'Topic B Quiz', 'Anthony', 'Constantine III', 87.67),
('Math', 'Module 2', 'Assessment', 'Topic C Quiz', 'Anthony', 'Constantine III', 25.0),
('Math', 'Module 2', 'Homework', 'Perimeter & Area', 'Anthony', 'Constantine III', 68.75),
('Math', 'Module 2', 'Assessment', 'Topic E Quiz', 'Anthony', 'Constantine III', 47.06),
('Math', 'Module 2', 'Assessment', 'Module 2 Assessment', 'Anthony', 'Constantine III', 34.48),
('Math', 'Module 2', 'Assessment', 'Trimester 1 Assessment', 'Anthony', 'Constantine III', 16.0),
('Math', 'Module 2', 'Assessment', 'Multiplication Pre-Test', 'Dante', 'Faustner', 16.67),
('Math', 'Module 2', 'Assessment', 'Topic B Quiz', 'Dante', 'Faustner', 27.33),
('Math', 'Module 2', 'Assessment', 'Topic C Quiz', 'Dante', 'Faustner', 12.5),
('Math', 'Module 2', 'Assessment', 'Topic E Quiz', 'Dante', 'Faustner', 38.24),
('Math', 'Module 2', 'Assessment', 'Module 2 Assessment', 'Dante', 'Faustner', 8.62),
('Math', 'Module 2', 'Assessment', 'Trimester 1 Assessment', 'Dante', 'Faustner', 28.0),
('Math', 'Module 2', 'Assessment', 'Multiplication Pre-Test', 'Inali', 'Feliciano', 19.44),
('Math', 'Module 2', 'Assessment', 'Topic C Quiz', 'Inali', 'Feliciano', 12.5),
('Math', 'Module 2', 'Homework', 'Perimeter & Area', 'Inali', 'Feliciano', 43.75),
('Math', 'Module 2', 'Assessment', 'Topic E Quiz', 'Inali', 'Feliciano', 41.18),
('Math', 'Module 2', 'Assessment', 'Module 2 Assessment', 'Inali', 'Feliciano', 21.55),
('Math', 'Module 2', 'Assessment', 'Trimester 1 Assessment', 'Inali', 'Feliciano', 36.0),
('Math', 'Module 2', 'Assessment', 'Multiplication Pre-Test', 'Abiezer', 'Gomez Gauthier', 50.0),
('Math', 'Module 2', 'Assessment', 'Topic A Quiz', 'Abiezer', 'Gomez Gauthier', 58.33),
('Math', 'Module 2', 'Assessment', 'Topic B Quiz', 'Abiezer', 'Gomez Gauthier', 73.33),
('Math', 'Module 2', 'Assessment', 'Topic C Quiz', 'Abiezer', 'Gomez Gauthier', 25.0),
('Math', 'Module 2', 'Homework', 'Perimeter & Area', 'Abiezer', 'Gomez Gauthier', 62.5),
('Math', 'Module 2', 'Assessment', 'Module 2 Assessment', 'Abiezer', 'Gomez Gauthier', 35.69),
('Math', 'Module 2', 'Assessment', 'Trimester 1 Assessment', 'Abiezer', 'Gomez Gauthier', 64.0),
('Math', 'Module 2', 'Assessment', 'Multiplication Pre-Test', 'Joniel', 'Gonzalez', 69.44),
('Math', 'Module 2', 'Assessment', 'Topic A Quiz', 'Joniel', 'Gonzalez', 58.33),
('Math', 'Module 2', 'Assessment', 'Topic B Quiz', 'Joniel', 'Gonzalez', 100.0),
('Math', 'Module 2', 'Assessment', 'Topic C Quiz', 'Joniel', 'Gonzalez', 100.0),
('Math', 'Module 2', 'Homework', 'Perimeter & Area', 'Joniel', 'Gonzalez', 118.75),
('Math', 'Module 2', 'Assessment', 'Topic E Quiz', 'Joniel', 'Gonzalez', 52.94),
('Math', 'Module 2', 'Assessment', 'Module 2 Assessment', 'Joniel', 'Gonzalez', 71.38),
('Math', 'Module 2', 'Assessment', 'Trimester 1 Assessment', 'Joniel', 'Gonzalez', 80.0),
('Math', 'Module 2', 'Assessment', 'Multiplication Pre-Test', 'Blake', 'Grant', 80.56),
('Math', 'Module 2', 'Assessment', 'Topic A Quiz', 'Blake', 'Grant', 79.17),
('Math', 'Module 2', 'Assessment', 'Topic B Quiz', 'Blake', 'Grant', 100.0),
('Math', 'Module 2', 'Assessment', 'Topic C Quiz', 'Blake', 'Grant', 93.75),
('Math', 'Module 2', 'Homework', 'Perimeter & Area', 'Blake', 'Grant', 118.75),
('Math', 'Module 2', 'Assessment', 'Topic E Quiz', 'Blake', 'Grant', 100.0),
('Math', 'Module 2', 'Assessment', 'Module 2 Assessment', 'Blake', 'Grant', 67.24),
('Math', 'Module 2', 'Assessment', 'Trimester 1 Assessment', 'Blake', 'Grant', 80.0),
('Math', 'Module 2', 'Assessment', 'Multiplication Pre-Test', 'Julyana', 'Lewis', 55.56),
('Math', 'Module 2', 'Assessment', 'Topic A Quiz', 'Julyana', 'Lewis', 45.83);
INSERT INTO raw_grades VALUES
('Math', 'Module 2', 'Assessment', 'Topic B Quiz', 'Julyana', 'Lewis', 100.0),
('Math', 'Module 2', 'Assessment', 'Topic C Quiz', 'Julyana', 'Lewis', 87.5),
('Math', 'Module 2', 'Homework', 'Perimeter & Area', 'Julyana', 'Lewis', 103.13),
('Math', 'Module 2', 'Assessment', 'Topic E Quiz', 'Julyana', 'Lewis', 52.94),
('Math', 'Module 2', 'Assessment', 'Module 2 Assessment', 'Julyana', 'Lewis', 46.55),
('Math', 'Module 2', 'Assessment', 'Trimester 1 Assessment', 'Julyana', 'Lewis', 40.0),
('Math', 'Module 2', 'Assessment', 'Multiplication Pre-Test', 'Dabriellyz', 'Maldonado', 55.56),
('Math', 'Module 2', 'Assessment', 'Topic A Quiz', 'Dabriellyz', 'Maldonado', 66.67),
('Math', 'Module 2', 'Assessment', 'Topic B Quiz', 'Dabriellyz', 'Maldonado', 100.0),
('Math', 'Module 2', 'Assessment', 'Topic C Quiz', 'Dabriellyz', 'Maldonado', 75.0),
('Math', 'Module 2', 'Homework', 'Perimeter & Area', 'Dabriellyz', 'Maldonado', 87.5),
('Math', 'Module 2', 'Assessment', 'Topic E Quiz', 'Dabriellyz', 'Maldonado', 61.76),
('Math', 'Module 2', 'Assessment', 'Module 2 Assessment', 'Dabriellyz', 'Maldonado', 65.69),
('Math', 'Module 2', 'Assessment', 'Trimester 1 Assessment', 'Dabriellyz', 'Maldonado', 52.0),
('Math', 'Module 2', 'Assessment', 'Multiplication Pre-Test', 'Nolayah', 'McBee', 38.89),
('Math', 'Module 2', 'Assessment', 'Topic A Quiz', 'Nolayah', 'McBee', 16.67),
('Math', 'Module 2', 'Assessment', 'Topic B Quiz', 'Nolayah', 'McBee', 90.0),
('Math', 'Module 2', 'Assessment', 'Topic C Quiz', 'Nolayah', 'McBee', 37.5),
('Math', 'Module 2', 'Homework', 'Perimeter & Area', 'Nolayah', 'McBee', 75.0),
('Math', 'Module 2', 'Assessment', 'Topic E Quiz', 'Nolayah', 'McBee', 52.94),
('Math', 'Module 2', 'Assessment', 'Module 2 Assessment', 'Nolayah', 'McBee', 13.62),
('Math', 'Module 2', 'Assessment', 'Trimester 1 Assessment', 'Nolayah', 'McBee', 32.0),
('Math', 'Module 2', 'Assessment', 'Multiplication Pre-Test', 'King', 'McCall', 76.39),
('Math', 'Module 2', 'Assessment', 'Topic A Quiz', 'King', 'McCall', 83.33),
('Math', 'Module 2', 'Assessment', 'Topic B Quiz', 'King', 'McCall', 93.33),
('Math', 'Module 2', 'Assessment', 'Topic C Quiz', 'King', 'McCall', 56.25),
('Math', 'Module 2', 'Homework', 'Perimeter & Area', 'King', 'McCall', 81.25),
('Math', 'Module 2', 'Assessment', 'Topic E Quiz', 'King', 'McCall', 52.94),
('Math', 'Module 2', 'Assessment', 'Module 2 Assessment', 'King', 'McCall', 44.83),
('Math', 'Module 2', 'Assessment', 'Trimester 1 Assessment', 'King', 'McCall', 68.0),
('Math', 'Module 2', 'Assessment', 'Multiplication Pre-Test', 'Amiyah', 'Mills', 15.28),
('Math', 'Module 2', 'Assessment', 'Topic A Quiz', 'Amiyah', 'Mills', 50.0),
('Math', 'Module 2', 'Assessment', 'Topic C Quiz', 'Amiyah', 'Mills', 31.25),
('Math', 'Module 2', 'Assessment', 'Topic E Quiz', 'Amiyah', 'Mills', 41.18),
('Math', 'Module 2', 'Assessment', 'Module 2 Assessment', 'Amiyah', 'Mills', 4.31),
('Math', 'Module 2', 'Assessment', 'Trimester 1 Assessment', 'Amiyah', 'Mills', 12.0),
('Math', 'Module 2', 'Assessment', 'Multiplication Pre-Test', 'Mary', 'Mumpton', 86.11),
('Math', 'Module 2', 'Assessment', 'Topic A Quiz', 'Mary', 'Mumpton', 100.0),
('Math', 'Module 2', 'Assessment', 'Topic B Quiz', 'Mary', 'Mumpton', 100.0),
('Math', 'Module 2', 'Assessment', 'Topic C Quiz', 'Mary', 'Mumpton', 81.25),
('Math', 'Module 2', 'Homework', 'Perimeter & Area', 'Mary', 'Mumpton', 118.75),
('Math', 'Module 2', 'Assessment', 'Topic E Quiz', 'Mary', 'Mumpton', 94.12),
('Math', 'Module 2', 'Assessment', 'Module 2 Assessment', 'Mary', 'Mumpton', 87.93),
('Math', 'Module 2', 'Assessment', 'Trimester 1 Assessment', 'Mary', 'Mumpton', 92.0),
('Math', 'Module 2', 'Assessment', 'Multiplication Pre-Test', 'Travis', 'Richards', 55.56),
('Math', 'Module 2', 'Assessment', 'Topic A Quiz', 'Travis', 'Richards', 66.67),
('Math', 'Module 2', 'Assessment', 'Topic B Quiz', 'Travis', 'Richards', 100.0),
('Math', 'Module 2', 'Assessment', 'Topic C Quiz', 'Travis', 'Richards', 87.5),
('Math', 'Module 2', 'Homework', 'Perimeter & Area', 'Travis', 'Richards', 87.5),
('Math', 'Module 2', 'Assessment', 'Topic E Quiz', 'Travis', 'Richards', 80.0),
('Math', 'Module 2', 'Assessment', 'Module 2 Assessment', 'Travis', 'Richards', 50.69),
('Math', 'Module 2', 'Assessment', 'Trimester 1 Assessment', 'Travis', 'Richards', 56.0),
('Math', 'Module 2', 'Assessment', 'Multiplication Pre-Test', 'Kaylee', 'Rivera Laboy', 50.0),
('Math', 'Module 2', 'Assessment', 'Topic A Quiz', 'Kaylee', 'Rivera Laboy', 87.5),
('Math', 'Module 2', 'Assessment', 'Topic B Quiz', 'Kaylee', 'Rivera Laboy', 100.0),
('Math', 'Module 2', 'Assessment', 'Topic C Quiz', 'Kaylee', 'Rivera Laboy', 68.75),
('Math', 'Module 2', 'Homework', 'Perimeter & Area', 'Kaylee', 'Rivera Laboy', 106.25),
('Math', 'Module 2', 'Assessment', 'Topic E Quiz', 'Kaylee', 'Rivera Laboy', 88.24),
('Math', 'Module 2', 'Assessment', 'Module 2 Assessment', 'Kaylee', 'Rivera Laboy', 81.9),
('Math', 'Module 2', 'Assessment', 'Trimester 1 Assessment', 'Kaylee', 'Rivera Laboy', 52.0),
('Math', 'Module 2', 'Assessment', 'Multiplication Pre-Test', 'Weston', 'Tiano', 19.44),
('Math', 'Module 2', 'Assessment', 'Topic A Quiz', 'Weston', 'Tiano', 29.17),
('Math', 'Module 2', 'Assessment', 'Topic B Quiz', 'Weston', 'Tiano', 20.0),
('Math', 'Module 2', 'Assessment', 'Topic C Quiz', 'Weston', 'Tiano', 25.0),
('Math', 'Module 2', 'Assessment', 'Topic E Quiz', 'Weston', 'Tiano', 47.06),
('Math', 'Module 2', 'Assessment', 'Module 2 Assessment', 'Weston', 'Tiano', 25.0),
('Math', 'Module 2', 'Assessment', 'Trimester 1 Assessment', 'Weston', 'Tiano', 44.0),
('Math', 'Module 2', 'Assessment', 'Multiplication Pre-Test', 'Emmalina', 'Torres', 36.11),
('Math', 'Module 2', 'Assessment', 'Topic A Quiz', 'Emmalina', 'Torres', 29.17),
('Math', 'Module 2', 'Assessment', 'Topic E Quiz', 'Emmalina', 'Torres', 52.94),
('Math', 'Module 2', 'Assessment', 'Module 2 Assessment', 'Emmalina', 'Torres', 18.45),
('Math', 'Module 2', 'Assessment', 'Multiplication Pre-Test', 'Ezequiel', 'Torres', 11.11),
('Math', 'Module 2', 'Assessment', 'Topic A Quiz', 'Ezequiel', 'Torres', 87.5),
('Math', 'Module 2', 'Assessment', 'Topic B Quiz', 'Ezequiel', 'Torres', 43.33),
('Math', 'Module 2', 'Assessment', 'Topic C Quiz', 'Ezequiel', 'Torres', 25.0),
('Math', 'Module 2', 'Assessment', 'Topic E Quiz', 'Ezequiel', 'Torres', 47.06),
('Math', 'Module 2', 'Assessment', 'Module 2 Assessment', 'Ezequiel', 'Torres', 21.03),
('Math', 'Module 2', 'Assessment', 'Trimester 1 Assessment', 'Ezequiel', 'Torres', 52.0),
('Math', 'Module 2', 'Assessment', 'Multiplication Pre-Test', 'Fabio', 'Vargas De Paz', 66.67),
('Math', 'Module 2', 'Assessment', 'Topic A Quiz', 'Fabio', 'Vargas De Paz', 75.0),
('Math', 'Module 2', 'Assessment', 'Topic B Quiz', 'Fabio', 'Vargas De Paz', 100.0),
('Math', 'Module 2', 'Assessment', 'Topic C Quiz', 'Fabio', 'Vargas De Paz', 87.5),
('Math', 'Module 2', 'Homework', 'Perimeter & Area', 'Fabio', 'Vargas De Paz', 112.5),
('Math', 'Module 2', 'Assessment', 'Topic E Quiz', 'Fabio', 'Vargas De Paz', 79.41),
('Math', 'Module 2', 'Assessment', 'Module 2 Assessment', 'Fabio', 'Vargas De Paz', 63.79),
('Math', 'Module 2', 'Assessment', 'Trimester 1 Assessment', 'Fabio', 'Vargas De Paz', 72.0),
('Math', 'Module 2', 'Assessment', 'Multiplication Pre-Test', 'Eva', 'Villafane-Velez', 61.11),
('Math', 'Module 2', 'Assessment', 'Topic A Quiz', 'Eva', 'Villafane-Velez', 83.33),
('Math', 'Module 2', 'Assessment', 'Topic C Quiz', 'Eva', 'Villafane-Velez', 81.25),
('Math', 'Module 2', 'Homework', 'Perimeter & Area', 'Eva', 'Villafane-Velez', 100.0),
('Math', 'Module 2', 'Assessment', 'Topic E Quiz', 'Eva', 'Villafane-Velez', 94.12),
('Math', 'Module 2', 'Assessment', 'Module 2 Assessment', 'Eva', 'Villafane-Velez', 72.41),
('Math', 'Module 2', 'Assessment', 'Trimester 1 Assessment', 'Eva', 'Villafane-Velez', 64.0),
('Math', 'Module 1', 'Homework', '10/29', 'Josue', 'Asuncion', 100.0),
('Math', 'Module 1', 'Homework', '11/5', 'Josue', 'Asuncion', 50.0),
('Math', 'Module 1', 'Homework', '11/6', 'Josue', 'Asuncion', 100.0),
('Math', 'Module 1', 'Homework', '11/10', 'Josue', 'Asuncion', 100.0),
('Math', 'Module 1', 'Homework', '11/12', 'Josue', 'Asuncion', 100.0),
('Math', 'Module 1', 'Homework', '11/13', 'Josue', 'Asuncion', 100.0),
('Math', 'Module 1', 'Homework', '11/14', 'Josue', 'Asuncion', 100.0);
INSERT INTO raw_grades VALUES
('Math', 'Module 1', 'Homework', '11/17', 'Josue', 'Asuncion', 100.0),
('Math', 'Module 1', 'Homework', '11/18', 'Josue', 'Asuncion', 100.0),
('Math', 'Module 1', 'Homework', '11/19', 'Josue', 'Asuncion', 100.0),
('Math', 'Module 1', 'Homework', '12/1', 'Josue', 'Asuncion', 50.0),
('Math', 'Module 1', 'Homework', '12/9', 'Josue', 'Asuncion', 100.0),
('Math', 'Module 1', 'Homework', '12/11', 'Josue', 'Asuncion', 100.0),
('Math', 'Module 1', 'Homework', '1/21', 'Josue', 'Asuncion', 100.0),
('Math', 'Module 1', 'Homework', '1/22', 'Josue', 'Asuncion', 100.0),
('Math', 'Module 1', 'Homework', '1/28', 'Josue', 'Asuncion', 100.0),
('Math', 'Module 1', 'Homework', '1/29', 'Josue', 'Asuncion', 100.0),
('Math', 'Module 1', 'Homework', '10/29', 'Harry', 'Ballard V', 100.0),
('Math', 'Module 1', 'Homework', '11/5', 'Harry', 'Ballard V', 100.0),
('Math', 'Module 1', 'Homework', '11/6', 'Harry', 'Ballard V', 100.0),
('Math', 'Module 1', 'Homework', '11/10', 'Harry', 'Ballard V', 100.0),
('Math', 'Module 1', 'Homework', '11/12', 'Harry', 'Ballard V', 100.0),
('Math', 'Module 1', 'Homework', '11/13', 'Harry', 'Ballard V', 100.0),
('Math', 'Module 1', 'Homework', '11/14', 'Harry', 'Ballard V', 100.0),
('Math', 'Module 1', 'Homework', '11/17', 'Harry', 'Ballard V', 100.0),
('Math', 'Module 1', 'Homework', '11/18', 'Harry', 'Ballard V', 100.0),
('Math', 'Module 1', 'Homework', '11/19', 'Harry', 'Ballard V', 50.0),
('Math', 'Module 1', 'Homework', '12/1', 'Harry', 'Ballard V', 100.0),
('Math', 'Module 1', 'Homework', '12/9', 'Harry', 'Ballard V', 100.0),
('Math', 'Module 1', 'Homework', '12/11', 'Harry', 'Ballard V', 100.0),
('Math', 'Module 1', 'Homework', '1/20', 'Harry', 'Ballard V', 100.0),
('Math', 'Module 1', 'Homework', '1/21', 'Harry', 'Ballard V', 100.0),
('Math', 'Module 1', 'Homework', '1/22', 'Harry', 'Ballard V', 50.0),
('Math', 'Module 1', 'Homework', '1/28', 'Harry', 'Ballard V', 100.0),
('Math', 'Module 1', 'Homework', '1/29', 'Harry', 'Ballard V', 100.0),
('Math', 'Module 1', 'Homework', '10/29', 'Briana', 'Battle', 0.0),
('Math', 'Module 1', 'Homework', '11/6', 'Briana', 'Battle', 50.0),
('Math', 'Module 1', 'Homework', '11/10', 'Briana', 'Battle', 0.0),
('Math', 'Module 1', 'Homework', '11/12', 'Briana', 'Battle', 0.0),
('Math', 'Module 1', 'Homework', '11/13', 'Briana', 'Battle', 0.0),
('Math', 'Module 1', 'Homework', '11/14', 'Briana', 'Battle', 0.0),
('Math', 'Module 1', 'Homework', '11/17', 'Briana', 'Battle', 50.0),
('Math', 'Module 1', 'Homework', '11/18', 'Briana', 'Battle', 0.0),
('Math', 'Module 1', 'Homework', '12/9', 'Briana', 'Battle', 50.0),
('Math', 'Module 1', 'Homework', '12/11', 'Briana', 'Battle', 50.0),
('Math', 'Module 1', 'Homework', '1/21', 'Briana', 'Battle', 50.0),
('Math', 'Module 1', 'Homework', '1/22', 'Briana', 'Battle', 50.0),
('Math', 'Module 1', 'Homework', '1/28', 'Briana', 'Battle', 0.0),
('Math', 'Module 1', 'Homework', '10/29', 'Luna', 'Cantres', 0.0),
('Math', 'Module 1', 'Homework', '11/5', 'Luna', 'Cantres', 0.0),
('Math', 'Module 1', 'Homework', '11/10', 'Luna', 'Cantres', 0.0),
('Math', 'Module 1', 'Homework', '11/12', 'Luna', 'Cantres', 100.0),
('Math', 'Module 1', 'Homework', '11/13', 'Luna', 'Cantres', 50.0),
('Math', 'Module 1', 'Homework', '11/14', 'Luna', 'Cantres', 0.0),
('Math', 'Module 1', 'Homework', '11/17', 'Luna', 'Cantres', 50.0),
('Math', 'Module 1', 'Homework', '11/19', 'Luna', 'Cantres', 50.0),
('Math', 'Module 1', 'Homework', '12/1', 'Luna', 'Cantres', 0.0),
('Math', 'Module 1', 'Homework', '12/9', 'Luna', 'Cantres', 50.0),
('Math', 'Module 1', 'Homework', '1/20', 'Luna', 'Cantres', 50.0),
('Math', 'Module 1', 'Homework', '1/21', 'Luna', 'Cantres', 50.0),
('Math', 'Module 1', 'Homework', '1/22', 'Luna', 'Cantres', 0.0),
('Math', 'Module 1', 'Homework', '1/28', 'Luna', 'Cantres', 0.0),
('Math', 'Module 1', 'Homework', '1/29', 'Luna', 'Cantres', 50.0),
('Math', 'Module 1', 'Homework', '10/29', 'Anthony', 'Constantine III', 50.0),
('Math', 'Module 1', 'Homework', '11/5', 'Anthony', 'Constantine III', 100.0),
('Math', 'Module 1', 'Homework', '11/6', 'Anthony', 'Constantine III', 100.0),
('Math', 'Module 1', 'Homework', '11/10', 'Anthony', 'Constantine III', 100.0),
('Math', 'Module 1', 'Homework', '11/12', 'Anthony', 'Constantine III', 100.0),
('Math', 'Module 1', 'Homework', '11/13', 'Anthony', 'Constantine III', 100.0),
('Math', 'Module 1', 'Homework', '11/14', 'Anthony', 'Constantine III', 100.0),
('Math', 'Module 1', 'Homework', '11/17', 'Anthony', 'Constantine III', 0.0),
('Math', 'Module 1', 'Homework', '11/18', 'Anthony', 'Constantine III', 100.0),
('Math', 'Module 1', 'Homework', '11/19', 'Anthony', 'Constantine III', 100.0),
('Math', 'Module 1', 'Homework', '12/1', 'Anthony', 'Constantine III', 100.0),
('Math', 'Module 1', 'Homework', '12/9', 'Anthony', 'Constantine III', 50.0),
('Math', 'Module 1', 'Homework', '12/11', 'Anthony', 'Constantine III', 50.0),
('Math', 'Module 1', 'Homework', '1/20', 'Anthony', 'Constantine III', 100.0),
('Math', 'Module 1', 'Homework', '1/21', 'Anthony', 'Constantine III', 100.0),
('Math', 'Module 1', 'Homework', '1/22', 'Anthony', 'Constantine III', 100.0),
('Math', 'Module 1', 'Homework', '1/28', 'Anthony', 'Constantine III', 0.0),
('Math', 'Module 1', 'Homework', '1/29', 'Anthony', 'Constantine III', 0.0),
('Math', 'Module 1', 'Homework', '10/29', 'Dante', 'Faustner', 100.0),
('Math', 'Module 1', 'Homework', '11/10', 'Dante', 'Faustner', 0.0),
('Math', 'Module 1', 'Homework', '11/12', 'Dante', 'Faustner', 50.0),
('Math', 'Module 1', 'Homework', '11/14', 'Dante', 'Faustner', 0.0),
('Math', 'Module 1', 'Homework', '11/17', 'Dante', 'Faustner', 0.0),
('Math', 'Module 1', 'Homework', '11/18', 'Dante', 'Faustner', 0.0),
('Math', 'Module 1', 'Homework', '11/19', 'Dante', 'Faustner', 50.0),
('Math', 'Module 1', 'Homework', '12/1', 'Dante', 'Faustner', 0.0),
('Math', 'Module 1', 'Homework', '12/9', 'Dante', 'Faustner', 0.0),
('Math', 'Module 1', 'Homework', '12/11', 'Dante', 'Faustner', 50.0),
('Math', 'Module 1', 'Homework', '1/21', 'Dante', 'Faustner', 0.0),
('Math', 'Module 1', 'Homework', '1/22', 'Dante', 'Faustner', 50.0),
('Math', 'Module 1', 'Homework', '1/28', 'Dante', 'Faustner', 0.0),
('Math', 'Module 1', 'Homework', '1/29', 'Dante', 'Faustner', 0.0),
('Math', 'Module 1', 'Homework', '10/29', 'Inali', 'Feliciano', 0.0),
('Math', 'Module 1', 'Homework', '11/5', 'Inali', 'Feliciano', 50.0),
('Math', 'Module 1', 'Homework', '11/12', 'Inali', 'Feliciano', 0.0),
('Math', 'Module 1', 'Homework', '11/13', 'Inali', 'Feliciano', 50.0),
('Math', 'Module 1', 'Homework', '11/14', 'Inali', 'Feliciano', 0.0),
('Math', 'Module 1', 'Homework', '11/19', 'Inali', 'Feliciano', 0.0),
('Math', 'Module 1', 'Homework', '12/1', 'Inali', 'Feliciano', 0.0),
('Math', 'Module 1', 'Homework', '12/11', 'Inali', 'Feliciano', 100.0),
('Math', 'Module 1', 'Homework', '1/20', 'Inali', 'Feliciano', 0.0),
('Math', 'Module 1', 'Homework', '1/21', 'Inali', 'Feliciano', 50.0),
('Math', 'Module 1', 'Homework', '1/22', 'Inali', 'Feliciano', 50.0),
('Math', 'Module 1', 'Homework', '1/28', 'Inali', 'Feliciano', 0.0);
INSERT INTO raw_grades VALUES
('Math', 'Module 1', 'Homework', '1/29', 'Inali', 'Feliciano', 0.0),
('Math', 'Module 1', 'Homework', '10/29', 'Abiezer', 'Gomez Gauthier', 100.0),
('Math', 'Module 1', 'Homework', '11/5', 'Abiezer', 'Gomez Gauthier', 0.0),
('Math', 'Module 1', 'Homework', '11/10', 'Abiezer', 'Gomez Gauthier', 100.0),
('Math', 'Module 1', 'Homework', '11/12', 'Abiezer', 'Gomez Gauthier', 100.0),
('Math', 'Module 1', 'Homework', '11/13', 'Abiezer', 'Gomez Gauthier', 50.0),
('Math', 'Module 1', 'Homework', '11/14', 'Abiezer', 'Gomez Gauthier', 50.0),
('Math', 'Module 1', 'Homework', '11/17', 'Abiezer', 'Gomez Gauthier', 50.0),
('Math', 'Module 1', 'Homework', '11/18', 'Abiezer', 'Gomez Gauthier', 50.0),
('Math', 'Module 1', 'Homework', '11/19', 'Abiezer', 'Gomez Gauthier', 100.0),
('Math', 'Module 1', 'Homework', '12/1', 'Abiezer', 'Gomez Gauthier', 0.0),
('Math', 'Module 1', 'Homework', '12/9', 'Abiezer', 'Gomez Gauthier', 0.0),
('Math', 'Module 1', 'Homework', '12/11', 'Abiezer', 'Gomez Gauthier', 100.0),
('Math', 'Module 1', 'Homework', '1/20', 'Abiezer', 'Gomez Gauthier', 0.0),
('Math', 'Module 1', 'Homework', '1/21', 'Abiezer', 'Gomez Gauthier', 0.0),
('Math', 'Module 1', 'Homework', '1/22', 'Abiezer', 'Gomez Gauthier', 50.0),
('Math', 'Module 1', 'Homework', '1/28', 'Abiezer', 'Gomez Gauthier', 0.0),
('Math', 'Module 1', 'Homework', '1/29', 'Abiezer', 'Gomez Gauthier', 0.0),
('Math', 'Module 1', 'Homework', '10/29', 'Joniel', 'Gonzalez', 100.0),
('Math', 'Module 1', 'Homework', '11/5', 'Joniel', 'Gonzalez', 0.0),
('Math', 'Module 1', 'Homework', '11/6', 'Joniel', 'Gonzalez', 50.0),
('Math', 'Module 1', 'Homework', '11/10', 'Joniel', 'Gonzalez', 100.0),
('Math', 'Module 1', 'Homework', '11/13', 'Joniel', 'Gonzalez', 0.0),
('Math', 'Module 1', 'Homework', '11/14', 'Joniel', 'Gonzalez', 100.0),
('Math', 'Module 1', 'Homework', '11/17', 'Joniel', 'Gonzalez', 100.0),
('Math', 'Module 1', 'Homework', '11/18', 'Joniel', 'Gonzalez', 100.0),
('Math', 'Module 1', 'Homework', '11/19', 'Joniel', 'Gonzalez', 100.0),
('Math', 'Module 1', 'Homework', '12/1', 'Joniel', 'Gonzalez', 100.0),
('Math', 'Module 1', 'Homework', '12/9', 'Joniel', 'Gonzalez', 100.0),
('Math', 'Module 1', 'Homework', '12/11', 'Joniel', 'Gonzalez', 100.0),
('Math', 'Module 1', 'Homework', '1/20', 'Joniel', 'Gonzalez', 100.0),
('Math', 'Module 1', 'Homework', '1/21', 'Joniel', 'Gonzalez', 100.0),
('Math', 'Module 1', 'Homework', '1/22', 'Joniel', 'Gonzalez', 100.0),
('Math', 'Module 1', 'Homework', '1/28', 'Joniel', 'Gonzalez', 0.0),
('Math', 'Module 1', 'Homework', '1/29', 'Joniel', 'Gonzalez', 100.0),
('Math', 'Module 1', 'Homework', '10/29', 'Blake', 'Grant', 100.0),
('Math', 'Module 1', 'Homework', '11/5', 'Blake', 'Grant', 0.0),
('Math', 'Module 1', 'Homework', '11/6', 'Blake', 'Grant', 100.0),
('Math', 'Module 1', 'Homework', '11/10', 'Blake', 'Grant', 100.0),
('Math', 'Module 1', 'Homework', '11/12', 'Blake', 'Grant', 100.0),
('Math', 'Module 1', 'Homework', '11/13', 'Blake', 'Grant', 100.0),
('Math', 'Module 1', 'Homework', '11/14', 'Blake', 'Grant', 100.0),
('Math', 'Module 1', 'Homework', '11/17', 'Blake', 'Grant', 100.0),
('Math', 'Module 1', 'Homework', '11/18', 'Blake', 'Grant', 100.0),
('Math', 'Module 1', 'Homework', '11/19', 'Blake', 'Grant', 100.0),
('Math', 'Module 1', 'Homework', '12/1', 'Blake', 'Grant', 100.0),
('Math', 'Module 1', 'Homework', '12/9', 'Blake', 'Grant', 100.0),
('Math', 'Module 1', 'Homework', '12/11', 'Blake', 'Grant', 100.0),
('Math', 'Module 1', 'Homework', '1/20', 'Blake', 'Grant', 100.0),
('Math', 'Module 1', 'Homework', '1/21', 'Blake', 'Grant', 100.0),
('Math', 'Module 1', 'Homework', '1/22', 'Blake', 'Grant', 50.0),
('Math', 'Module 1', 'Homework', '1/28', 'Blake', 'Grant', 100.0),
('Math', 'Module 1', 'Homework', '1/29', 'Blake', 'Grant', 100.0),
('Math', 'Module 1', 'Homework', '10/29', 'Julyana', 'Lewis', 50.0),
('Math', 'Module 1', 'Homework', '11/5', 'Julyana', 'Lewis', 100.0),
('Math', 'Module 1', 'Homework', '11/6', 'Julyana', 'Lewis', 100.0),
('Math', 'Module 1', 'Homework', '11/10', 'Julyana', 'Lewis', 100.0),
('Math', 'Module 1', 'Homework', '11/12', 'Julyana', 'Lewis', 50.0),
('Math', 'Module 1', 'Homework', '11/13', 'Julyana', 'Lewis', 50.0),
('Math', 'Module 1', 'Homework', '11/17', 'Julyana', 'Lewis', 100.0),
('Math', 'Module 1', 'Homework', '11/18', 'Julyana', 'Lewis', 100.0),
('Math', 'Module 1', 'Homework', '11/19', 'Julyana', 'Lewis', 100.0),
('Math', 'Module 1', 'Homework', '12/1', 'Julyana', 'Lewis', 50.0),
('Math', 'Module 1', 'Homework', '12/9', 'Julyana', 'Lewis', 100.0),
('Math', 'Module 1', 'Homework', '12/11', 'Julyana', 'Lewis', 100.0),
('Math', 'Module 1', 'Homework', '1/21', 'Julyana', 'Lewis', 100.0),
('Math', 'Module 1', 'Homework', '1/22', 'Julyana', 'Lewis', 100.0),
('Math', 'Module 1', 'Homework', '1/28', 'Julyana', 'Lewis', 100.0),
('Math', 'Module 1', 'Homework', '1/29', 'Julyana', 'Lewis', 100.0),
('Math', 'Module 1', 'Homework', '10/29', 'Dabriellyz', 'Maldonado', 100.0),
('Math', 'Module 1', 'Homework', '11/5', 'Dabriellyz', 'Maldonado', 100.0),
('Math', 'Module 1', 'Homework', '11/6', 'Dabriellyz', 'Maldonado', 0.0),
('Math', 'Module 1', 'Homework', '11/10', 'Dabriellyz', 'Maldonado', 50.0),
('Math', 'Module 1', 'Homework', '11/12', 'Dabriellyz', 'Maldonado', 100.0),
('Math', 'Module 1', 'Homework', '11/13', 'Dabriellyz', 'Maldonado', 100.0),
('Math', 'Module 1', 'Homework', '11/14', 'Dabriellyz', 'Maldonado', 100.0),
('Math', 'Module 1', 'Homework', '11/17', 'Dabriellyz', 'Maldonado', 100.0),
('Math', 'Module 1', 'Homework', '11/19', 'Dabriellyz', 'Maldonado', 100.0),
('Math', 'Module 1', 'Homework', '12/1', 'Dabriellyz', 'Maldonado', 100.0),
('Math', 'Module 1', 'Homework', '12/9', 'Dabriellyz', 'Maldonado', 100.0),
('Math', 'Module 1', 'Homework', '1/20', 'Dabriellyz', 'Maldonado', 100.0),
('Math', 'Module 1', 'Homework', '1/21', 'Dabriellyz', 'Maldonado', 100.0),
('Math', 'Module 1', 'Homework', '1/28', 'Dabriellyz', 'Maldonado', 0.0),
('Math', 'Module 1', 'Homework', '1/29', 'Dabriellyz', 'Maldonado', 100.0),
('Math', 'Module 1', 'Homework', '10/29', 'Nolayah', 'McBee', 50.0),
('Math', 'Module 1', 'Homework', '11/5', 'Nolayah', 'McBee', 50.0),
('Math', 'Module 1', 'Homework', '11/6', 'Nolayah', 'McBee', 50.0),
('Math', 'Module 1', 'Homework', '11/10', 'Nolayah', 'McBee', 100.0),
('Math', 'Module 1', 'Homework', '11/12', 'Nolayah', 'McBee', 0.0),
('Math', 'Module 1', 'Homework', '11/13', 'Nolayah', 'McBee', 50.0),
('Math', 'Module 1', 'Homework', '11/14', 'Nolayah', 'McBee', 100.0),
('Math', 'Module 1', 'Homework', '11/17', 'Nolayah', 'McBee', 50.0),
('Math', 'Module 1', 'Homework', '11/18', 'Nolayah', 'McBee', 0.0),
('Math', 'Module 1', 'Homework', '11/19', 'Nolayah', 'McBee', 100.0),
('Math', 'Module 1', 'Homework', '12/1', 'Nolayah', 'McBee', 100.0),
('Math', 'Module 1', 'Homework', '12/9', 'Nolayah', 'McBee', 50.0),
('Math', 'Module 1', 'Homework', '12/11', 'Nolayah', 'McBee', 100.0),
('Math', 'Module 1', 'Homework', '1/20', 'Nolayah', 'McBee', 50.0),
('Math', 'Module 1', 'Homework', '1/21', 'Nolayah', 'McBee', 0.0),
('Math', 'Module 1', 'Homework', '1/22', 'Nolayah', 'McBee', 50.0);
INSERT INTO raw_grades VALUES
('Math', 'Module 1', 'Homework', '1/28', 'Nolayah', 'McBee', 0.0),
('Math', 'Module 1', 'Homework', '1/29', 'Nolayah', 'McBee', 0.0),
('Math', 'Module 1', 'Homework', '10/29', 'King', 'McCall', 50.0),
('Math', 'Module 1', 'Homework', '11/5', 'King', 'McCall', 100.0),
('Math', 'Module 1', 'Homework', '11/6', 'King', 'McCall', 100.0),
('Math', 'Module 1', 'Homework', '11/10', 'King', 'McCall', 0.0),
('Math', 'Module 1', 'Homework', '11/12', 'King', 'McCall', 50.0),
('Math', 'Module 1', 'Homework', '11/13', 'King', 'McCall', 50.0),
('Math', 'Module 1', 'Homework', '11/14', 'King', 'McCall', 100.0),
('Math', 'Module 1', 'Homework', '11/17', 'King', 'McCall', 100.0),
('Math', 'Module 1', 'Homework', '11/18', 'King', 'McCall', 100.0),
('Math', 'Module 1', 'Homework', '11/19', 'King', 'McCall', 100.0),
('Math', 'Module 1', 'Homework', '12/1', 'King', 'McCall', 50.0),
('Math', 'Module 1', 'Homework', '12/9', 'King', 'McCall', 0.0),
('Math', 'Module 1', 'Homework', '12/11', 'King', 'McCall', 100.0),
('Math', 'Module 1', 'Homework', '1/20', 'King', 'McCall', 0.0),
('Math', 'Module 1', 'Homework', '1/21', 'King', 'McCall', 100.0),
('Math', 'Module 1', 'Homework', '1/22', 'King', 'McCall', 0.0),
('Math', 'Module 1', 'Homework', '1/28', 'King', 'McCall', 0.0),
('Math', 'Module 1', 'Homework', '10/29', 'Amiyah', 'Mills', 0.0),
('Math', 'Module 1', 'Homework', '11/5', 'Amiyah', 'Mills', 0.0),
('Math', 'Module 1', 'Homework', '11/10', 'Amiyah', 'Mills', 0.0),
('Math', 'Module 1', 'Homework', '11/12', 'Amiyah', 'Mills', 0.0),
('Math', 'Module 1', 'Homework', '11/13', 'Amiyah', 'Mills', 0.0),
('Math', 'Module 1', 'Homework', '11/17', 'Amiyah', 'Mills', 0.0),
('Math', 'Module 1', 'Homework', '11/18', 'Amiyah', 'Mills', 0.0),
('Math', 'Module 1', 'Homework', '12/1', 'Amiyah', 'Mills', 0.0),
('Math', 'Module 1', 'Homework', '12/9', 'Amiyah', 'Mills', 0.0),
('Math', 'Module 1', 'Homework', '12/11', 'Amiyah', 'Mills', 50.0),
('Math', 'Module 1', 'Homework', '1/20', 'Amiyah', 'Mills', 100.0),
('Math', 'Module 1', 'Homework', '1/21', 'Amiyah', 'Mills', 0.0),
('Math', 'Module 1', 'Homework', '1/22', 'Amiyah', 'Mills', 0.0),
('Math', 'Module 1', 'Homework', '1/28', 'Amiyah', 'Mills', 0.0),
('Math', 'Module 1', 'Homework', '1/29', 'Amiyah', 'Mills', 0.0),
('Math', 'Module 1', 'Homework', '10/29', 'Mary', 'Mumpton', 100.0),
('Math', 'Module 1', 'Homework', '11/6', 'Mary', 'Mumpton', 100.0),
('Math', 'Module 1', 'Homework', '11/10', 'Mary', 'Mumpton', 100.0),
('Math', 'Module 1', 'Homework', '11/12', 'Mary', 'Mumpton', 100.0),
('Math', 'Module 1', 'Homework', '11/13', 'Mary', 'Mumpton', 100.0),
('Math', 'Module 1', 'Homework', '11/14', 'Mary', 'Mumpton', 100.0),
('Math', 'Module 1', 'Homework', '11/17', 'Mary', 'Mumpton', 100.0),
('Math', 'Module 1', 'Homework', '11/18', 'Mary', 'Mumpton', 100.0),
('Math', 'Module 1', 'Homework', '11/19', 'Mary', 'Mumpton', 100.0),
('Math', 'Module 1', 'Homework', '12/1', 'Mary', 'Mumpton', 100.0),
('Math', 'Module 1', 'Homework', '12/9', 'Mary', 'Mumpton', 100.0),
('Math', 'Module 1', 'Homework', '12/11', 'Mary', 'Mumpton', 100.0),
('Math', 'Module 1', 'Homework', '1/20', 'Mary', 'Mumpton', 100.0),
('Math', 'Module 1', 'Homework', '1/21', 'Mary', 'Mumpton', 100.0),
('Math', 'Module 1', 'Homework', '1/29', 'Mary', 'Mumpton', 100.0),
('Math', 'Module 1', 'Homework', '10/29', 'Travis', 'Richards', 50.0),
('Math', 'Module 1', 'Homework', '11/5', 'Travis', 'Richards', 100.0),
('Math', 'Module 1', 'Homework', '11/6', 'Travis', 'Richards', 100.0),
('Math', 'Module 1', 'Homework', '11/10', 'Travis', 'Richards', 100.0),
('Math', 'Module 1', 'Homework', '11/12', 'Travis', 'Richards', 0.0),
('Math', 'Module 1', 'Homework', '11/13', 'Travis', 'Richards', 0.0),
('Math', 'Module 1', 'Homework', '11/14', 'Travis', 'Richards', 100.0),
('Math', 'Module 1', 'Homework', '11/17', 'Travis', 'Richards', 100.0),
('Math', 'Module 1', 'Homework', '11/18', 'Travis', 'Richards', 100.0),
('Math', 'Module 1', 'Homework', '11/19', 'Travis', 'Richards', 100.0),
('Math', 'Module 1', 'Homework', '12/1', 'Travis', 'Richards', 100.0),
('Math', 'Module 1', 'Homework', '12/9', 'Travis', 'Richards', 50.0),
('Math', 'Module 1', 'Homework', '12/11', 'Travis', 'Richards', 100.0),
('Math', 'Module 1', 'Homework', '1/28', 'Travis', 'Richards', 0.0),
('Math', 'Module 1', 'Homework', '1/29', 'Travis', 'Richards', 100.0),
('Math', 'Module 1', 'Homework', '10/29', 'Kaylee', 'Rivera Laboy', 100.0),
('Math', 'Module 1', 'Homework', '11/5', 'Kaylee', 'Rivera Laboy', 0.0),
('Math', 'Module 1', 'Homework', '11/6', 'Kaylee', 'Rivera Laboy', 50.0),
('Math', 'Module 1', 'Homework', '11/10', 'Kaylee', 'Rivera Laboy', 100.0),
('Math', 'Module 1', 'Homework', '11/12', 'Kaylee', 'Rivera Laboy', 0.0),
('Math', 'Module 1', 'Homework', '11/13', 'Kaylee', 'Rivera Laboy', 50.0),
('Math', 'Module 1', 'Homework', '11/14', 'Kaylee', 'Rivera Laboy', 100.0),
('Math', 'Module 1', 'Homework', '11/17', 'Kaylee', 'Rivera Laboy', 100.0),
('Math', 'Module 1', 'Homework', '11/18', 'Kaylee', 'Rivera Laboy', 100.0),
('Math', 'Module 1', 'Homework', '11/19', 'Kaylee', 'Rivera Laboy', 100.0),
('Math', 'Module 1', 'Homework', '12/1', 'Kaylee', 'Rivera Laboy', 100.0),
('Math', 'Module 1', 'Homework', '12/9', 'Kaylee', 'Rivera Laboy', 100.0),
('Math', 'Module 1', 'Homework', '12/11', 'Kaylee', 'Rivera Laboy', 100.0),
('Math', 'Module 1', 'Homework', '1/20', 'Kaylee', 'Rivera Laboy', 100.0),
('Math', 'Module 1', 'Homework', '1/21', 'Kaylee', 'Rivera Laboy', 100.0),
('Math', 'Module 1', 'Homework', '1/22', 'Kaylee', 'Rivera Laboy', 100.0),
('Math', 'Module 1', 'Homework', '1/28', 'Kaylee', 'Rivera Laboy', 50.0),
('Math', 'Module 1', 'Homework', '1/29', 'Kaylee', 'Rivera Laboy', 100.0),
('Math', 'Module 1', 'Homework', '10/29', 'Weston', 'Tiano', 0.0),
('Math', 'Module 1', 'Homework', '11/5', 'Weston', 'Tiano', 100.0),
('Math', 'Module 1', 'Homework', '11/6', 'Weston', 'Tiano', 0.0),
('Math', 'Module 1', 'Homework', '11/10', 'Weston', 'Tiano', 0.0),
('Math', 'Module 1', 'Homework', '11/12', 'Weston', 'Tiano', 50.0),
('Math', 'Module 1', 'Homework', '11/13', 'Weston', 'Tiano', 0.0),
('Math', 'Module 1', 'Homework', '11/14', 'Weston', 'Tiano', 0.0),
('Math', 'Module 1', 'Homework', '11/17', 'Weston', 'Tiano', 0.0),
('Math', 'Module 1', 'Homework', '11/18', 'Weston', 'Tiano', 0.0),
('Math', 'Module 1', 'Homework', '11/19', 'Weston', 'Tiano', 50.0),
('Math', 'Module 1', 'Homework', '12/1', 'Weston', 'Tiano', 0.0),
('Math', 'Module 1', 'Homework', '12/9', 'Weston', 'Tiano', 0.0),
('Math', 'Module 1', 'Homework', '12/11', 'Weston', 'Tiano', 100.0),
('Math', 'Module 1', 'Homework', '1/20', 'Weston', 'Tiano', 0.0),
('Math', 'Module 1', 'Homework', '1/21', 'Weston', 'Tiano', 0.0),
('Math', 'Module 1', 'Homework', '1/22', 'Weston', 'Tiano', 0.0),
('Math', 'Module 1', 'Homework', '1/28', 'Weston', 'Tiano', 0.0),
('Math', 'Module 1', 'Homework', '1/29', 'Weston', 'Tiano', 0.0);
INSERT INTO raw_grades VALUES
('Math', 'Module 1', 'Homework', '10/29', 'Emmalina', 'Torres', 50.0),
('Math', 'Module 1', 'Homework', '11/5', 'Emmalina', 'Torres', 0.0),
('Math', 'Module 1', 'Homework', '11/12', 'Emmalina', 'Torres', 0.0),
('Math', 'Module 1', 'Homework', '11/13', 'Emmalina', 'Torres', 0.0),
('Math', 'Module 1', 'Homework', '12/11', 'Emmalina', 'Torres', 100.0),
('Math', 'Module 1', 'Homework', '10/29', 'Ezequiel', 'Torres', 0.0),
('Math', 'Module 1', 'Homework', '11/5', 'Ezequiel', 'Torres', 0.0),
('Math', 'Module 1', 'Homework', '11/6', 'Ezequiel', 'Torres', 50.0),
('Math', 'Module 1', 'Homework', '11/10', 'Ezequiel', 'Torres', 0.0),
('Math', 'Module 1', 'Homework', '11/12', 'Ezequiel', 'Torres', 100.0),
('Math', 'Module 1', 'Homework', '11/13', 'Ezequiel', 'Torres', 0.0),
('Math', 'Module 1', 'Homework', '11/14', 'Ezequiel', 'Torres', 0.0),
('Math', 'Module 1', 'Homework', '11/17', 'Ezequiel', 'Torres', 0.0),
('Math', 'Module 1', 'Homework', '11/18', 'Ezequiel', 'Torres', 0.0),
('Math', 'Module 1', 'Homework', '11/19', 'Ezequiel', 'Torres', 50.0),
('Math', 'Module 1', 'Homework', '12/1', 'Ezequiel', 'Torres', 0.0),
('Math', 'Module 1', 'Homework', '12/9', 'Ezequiel', 'Torres', 0.0),
('Math', 'Module 1', 'Homework', '12/11', 'Ezequiel', 'Torres', 0.0),
('Math', 'Module 1', 'Homework', '1/21', 'Ezequiel', 'Torres', 50.0),
('Math', 'Module 1', 'Homework', '1/22', 'Ezequiel', 'Torres', 100.0),
('Math', 'Module 1', 'Homework', '1/28', 'Ezequiel', 'Torres', 0.0),
('Math', 'Module 1', 'Homework', '1/29', 'Ezequiel', 'Torres', 0.0),
('Math', 'Module 1', 'Homework', '10/29', 'Fabio', 'Vargas De Paz', 50.0),
('Math', 'Module 1', 'Homework', '11/5', 'Fabio', 'Vargas De Paz', 100.0),
('Math', 'Module 1', 'Homework', '11/6', 'Fabio', 'Vargas De Paz', 100.0),
('Math', 'Module 1', 'Homework', '11/10', 'Fabio', 'Vargas De Paz', 100.0),
('Math', 'Module 1', 'Homework', '11/13', 'Fabio', 'Vargas De Paz', 100.0),
('Math', 'Module 1', 'Homework', '11/14', 'Fabio', 'Vargas De Paz', 100.0),
('Math', 'Module 1', 'Homework', '11/17', 'Fabio', 'Vargas De Paz', 100.0),
('Math', 'Module 1', 'Homework', '11/18', 'Fabio', 'Vargas De Paz', 100.0),
('Math', 'Module 1', 'Homework', '11/19', 'Fabio', 'Vargas De Paz', 100.0),
('Math', 'Module 1', 'Homework', '12/1', 'Fabio', 'Vargas De Paz', 100.0),
('Math', 'Module 1', 'Homework', '12/9', 'Fabio', 'Vargas De Paz', 100.0),
('Math', 'Module 1', 'Homework', '12/11', 'Fabio', 'Vargas De Paz', 100.0),
('Math', 'Module 1', 'Homework', '1/20', 'Fabio', 'Vargas De Paz', 100.0),
('Math', 'Module 1', 'Homework', '1/21', 'Fabio', 'Vargas De Paz', 100.0),
('Math', 'Module 1', 'Homework', '1/22', 'Fabio', 'Vargas De Paz', 100.0),
('Math', 'Module 1', 'Homework', '1/28', 'Fabio', 'Vargas De Paz', 0.0),
('Math', 'Module 1', 'Homework', '1/29', 'Fabio', 'Vargas De Paz', 100.0),
('Math', 'Module 1', 'Homework', '10/29', 'Eva', 'Villafane-Velez', 100.0),
('Math', 'Module 1', 'Homework', '11/5', 'Eva', 'Villafane-Velez', 100.0),
('Math', 'Module 1', 'Homework', '11/6', 'Eva', 'Villafane-Velez', 100.0),
('Math', 'Module 1', 'Homework', '11/10', 'Eva', 'Villafane-Velez', 100.0),
('Math', 'Module 1', 'Homework', '11/12', 'Eva', 'Villafane-Velez', 100.0),
('Math', 'Module 1', 'Homework', '11/13', 'Eva', 'Villafane-Velez', 0.0),
('Math', 'Module 1', 'Homework', '11/14', 'Eva', 'Villafane-Velez', 100.0),
('Math', 'Module 1', 'Homework', '11/17', 'Eva', 'Villafane-Velez', 100.0),
('Math', 'Module 1', 'Homework', '11/18', 'Eva', 'Villafane-Velez', 100.0),
('Math', 'Module 1', 'Homework', '11/19', 'Eva', 'Villafane-Velez', 100.0),
('Math', 'Module 1', 'Homework', '12/1', 'Eva', 'Villafane-Velez', 100.0),
('Math', 'Module 1', 'Homework', '12/9', 'Eva', 'Villafane-Velez', 100.0),
('Math', 'Module 1', 'Homework', '12/11', 'Eva', 'Villafane-Velez', 100.0),
('Math', 'Module 1', 'Homework', '1/20', 'Eva', 'Villafane-Velez', 100.0),
('Math', 'Module 1', 'Homework', '1/21', 'Eva', 'Villafane-Velez', 100.0),
('Math', 'Module 1', 'Homework', '1/22', 'Eva', 'Villafane-Velez', 100.0),
('Math', 'Module 1', 'Homework', '1/28', 'Eva', 'Villafane-Velez', 100.0),
('Math', 'Module 1', 'Homework', '1/29', 'Eva', 'Villafane-Velez', 100.0),
('English', 'Module 1', 'Homework', 'Memory pg. 3', 'Josue', 'Asuncion', 100.0),
('English', 'Module 1', 'Homework', 'Cause and Effect pg. 26', 'Josue', 'Asuncion', 100.0),
('English', 'Module 1', 'Homework', 'Food Narrative pg. 59', 'Josue', 'Asuncion', 100.0),
('English', 'Module 1', 'Homework', 'Simile Monster', 'Josue', 'Asuncion', 100.0),
('English', 'Module 1', 'Homework', 'Haunted House', 'Josue', 'Asuncion', 100.0),
('English', 'Module 1', 'Homework', 'Personal Narrative', 'Josue', 'Asuncion', 100.0),
('English', 'Module 1', 'Homework', 'Ch. 2 Medieval', 'Josue', 'Asuncion', 100.0),
('English', 'Module 1', 'Homework', 'Ch. 4 Medieval', 'Josue', 'Asuncion', 100.0),
('English', 'Module 1', 'Homework', 'Medieval Opinion', 'Josue', 'Asuncion', 40.0),
('English', 'Module 1', 'Homework', 'Ch. 7 Medieval', 'Josue', 'Asuncion', 100.0),
('English', 'Module 1', 'Homework', 'Ch. 8 Medieval', 'Josue', 'Asuncion', 100.0),
('English', 'Module 1', 'Homework', 'Ch. 9 Medieval', 'Josue', 'Asuncion', 100.0),
('English', 'Module 1', 'Homework', 'Memory pg. 3', 'Harry', 'Ballard V', 100.0),
('English', 'Module 1', 'Homework', 'A Good Friend pg. 19', 'Harry', 'Ballard V', 100.0),
('English', 'Module 1', 'Homework', 'Cause and Effect pg. 26', 'Harry', 'Ballard V', 100.0),
('English', 'Module 1', 'Homework', 'Food Narrative pg. 59', 'Harry', 'Ballard V', 100.0),
('English', 'Module 1', 'Homework', 'Simile Monster', 'Harry', 'Ballard V', 100.0),
('English', 'Module 1', 'Homework', 'Haunted House', 'Harry', 'Ballard V', 100.0),
('English', 'Module 1', 'Homework', 'Personal Narrative', 'Harry', 'Ballard V', 100.0),
('English', 'Module 1', 'Homework', 'Ch. 2 Medieval', 'Harry', 'Ballard V', 100.0),
('English', 'Module 1', 'Homework', 'Ch. 4 Medieval', 'Harry', 'Ballard V', 100.0),
('English', 'Module 1', 'Homework', 'Medieval Opinion', 'Harry', 'Ballard V', 100.0),
('English', 'Module 1', 'Homework', 'Ch. 7 Medieval', 'Harry', 'Ballard V', 100.0),
('English', 'Module 1', 'Homework', 'Ch. 8 Medieval', 'Harry', 'Ballard V', 100.0),
('English', 'Module 1', 'Homework', 'Ch. 9 Medieval', 'Harry', 'Ballard V', 100.0),
('English', 'Module 1', 'Homework', 'Memory pg. 3', 'Briana', 'Battle', 33.33),
('English', 'Module 1', 'Homework', 'A Good Friend pg. 19', 'Briana', 'Battle', 66.67),
('English', 'Module 1', 'Homework', 'Cause and Effect pg. 26', 'Briana', 'Battle', 66.67),
('English', 'Module 1', 'Homework', 'Food Narrative pg. 59', 'Briana', 'Battle', 66.67),
('English', 'Module 1', 'Homework', 'Simile Monster', 'Briana', 'Battle', 33.33),
('English', 'Module 1', 'Homework', 'Haunted House', 'Briana', 'Battle', 33.33),
('English', 'Module 1', 'Homework', 'Personal Narrative', 'Briana', 'Battle', 33.33),
('English', 'Module 1', 'Homework', 'Ch. 2 Medieval', 'Briana', 'Battle', 66.67),
('English', 'Module 1', 'Homework', 'Ch. 7 Medieval', 'Briana', 'Battle', 33.33),
('English', 'Module 1', 'Homework', 'Ch. 9 Medieval', 'Briana', 'Battle', 66.67),
('English', 'Module 1', 'Homework', 'Memory pg. 3', 'Luna', 'Cantres', 33.33),
('English', 'Module 1', 'Homework', 'A Good Friend pg. 19', 'Luna', 'Cantres', 66.67),
('English', 'Module 1', 'Homework', 'Cause and Effect pg. 26', 'Luna', 'Cantres', 66.67),
('English', 'Module 1', 'Homework', 'Food Narrative pg. 59', 'Luna', 'Cantres', 33.33),
('English', 'Module 1', 'Homework', 'Simile Monster', 'Luna', 'Cantres', 33.33),
('English', 'Module 1', 'Homework', 'Haunted House', 'Luna', 'Cantres', 33.33),
('English', 'Module 1', 'Homework', 'Personal Narrative', 'Luna', 'Cantres', 33.33),
('English', 'Module 1', 'Homework', 'Ch. 2 Medieval', 'Luna', 'Cantres', 66.67);
INSERT INTO raw_grades VALUES
('English', 'Module 1', 'Homework', 'Ch. 4 Medieval', 'Luna', 'Cantres', 33.33),
('English', 'Module 1', 'Homework', 'Medieval Opinion', 'Luna', 'Cantres', 20.0),
('English', 'Module 1', 'Homework', 'Ch. 7 Medieval', 'Luna', 'Cantres', 33.33),
('English', 'Module 1', 'Homework', 'Ch. 8 Medieval', 'Luna', 'Cantres', 100.0),
('English', 'Module 1', 'Homework', 'Ch. 9 Medieval', 'Luna', 'Cantres', 66.67),
('English', 'Module 1', 'Homework', 'Memory pg. 3', 'Anthony', 'Constantine III', 66.67),
('English', 'Module 1', 'Homework', 'A Good Friend pg. 19', 'Anthony', 'Constantine III', 100.0),
('English', 'Module 1', 'Homework', 'Cause and Effect pg. 26', 'Anthony', 'Constantine III', 100.0),
('English', 'Module 1', 'Homework', 'Food Narrative pg. 59', 'Anthony', 'Constantine III', 100.0),
('English', 'Module 1', 'Homework', 'Simile Monster', 'Anthony', 'Constantine III', 100.0),
('English', 'Module 1', 'Homework', 'Haunted House', 'Anthony', 'Constantine III', 100.0),
('English', 'Module 1', 'Homework', 'Personal Narrative', 'Anthony', 'Constantine III', 100.0),
('English', 'Module 1', 'Homework', 'Ch. 2 Medieval', 'Anthony', 'Constantine III', 100.0),
('English', 'Module 1', 'Homework', 'Ch. 4 Medieval', 'Anthony', 'Constantine III', 100.0),
('English', 'Module 1', 'Homework', 'Medieval Opinion', 'Anthony', 'Constantine III', 80.0),
('English', 'Module 1', 'Homework', 'Ch. 7 Medieval', 'Anthony', 'Constantine III', 66.67),
('English', 'Module 1', 'Homework', 'Ch. 8 Medieval', 'Anthony', 'Constantine III', 100.0),
('English', 'Module 1', 'Homework', 'Ch. 9 Medieval', 'Anthony', 'Constantine III', 66.67),
('English', 'Module 1', 'Homework', 'Memory pg. 3', 'Dante', 'Faustner', 33.33),
('English', 'Module 1', 'Homework', 'A Good Friend pg. 19', 'Dante', 'Faustner', 66.67),
('English', 'Module 1', 'Homework', 'Food Narrative pg. 59', 'Dante', 'Faustner', 66.67),
('English', 'Module 1', 'Homework', 'Simile Monster', 'Dante', 'Faustner', 33.33),
('English', 'Module 1', 'Homework', 'Haunted House', 'Dante', 'Faustner', 33.33),
('English', 'Module 1', 'Homework', 'Personal Narrative', 'Dante', 'Faustner', 66.67),
('English', 'Module 1', 'Homework', 'Ch. 4 Medieval', 'Dante', 'Faustner', 33.33),
('English', 'Module 1', 'Homework', 'Medieval Opinion', 'Dante', 'Faustner', 60.0),
('English', 'Module 1', 'Homework', 'Ch. 7 Medieval', 'Dante', 'Faustner', 66.67),
('English', 'Module 1', 'Homework', 'Ch. 8 Medieval', 'Dante', 'Faustner', 100.0),
('English', 'Module 1', 'Homework', 'Ch. 9 Medieval', 'Dante', 'Faustner', 66.67),
('English', 'Module 1', 'Homework', 'Memory pg. 3', 'Inali', 'Feliciano', 100.0),
('English', 'Module 1', 'Homework', 'A Good Friend pg. 19', 'Inali', 'Feliciano', 50.0),
('English', 'Module 1', 'Homework', 'Cause and Effect pg. 26', 'Inali', 'Feliciano', 33.33),
('English', 'Module 1', 'Homework', 'Food Narrative pg. 59', 'Inali', 'Feliciano', 33.33),
('English', 'Module 1', 'Homework', 'Simile Monster', 'Inali', 'Feliciano', 100.0),
('English', 'Module 1', 'Homework', 'Haunted House', 'Inali', 'Feliciano', 100.0),
('English', 'Module 1', 'Homework', 'Personal Narrative', 'Inali', 'Feliciano', 33.33),
('English', 'Module 1', 'Homework', 'Ch. 2 Medieval', 'Inali', 'Feliciano', 100.0),
('English', 'Module 1', 'Homework', 'Medieval Opinion', 'Inali', 'Feliciano', 60.0),
('English', 'Module 1', 'Homework', 'Ch. 7 Medieval', 'Inali', 'Feliciano', 100.0),
('English', 'Module 1', 'Homework', 'Ch. 8 Medieval', 'Inali', 'Feliciano', 100.0),
('English', 'Module 1', 'Homework', 'Ch. 9 Medieval', 'Inali', 'Feliciano', 66.67),
('English', 'Module 1', 'Homework', 'Memory pg. 3', 'Abiezer', 'Gomez Gauthier', 66.67),
('English', 'Module 1', 'Homework', 'A Good Friend pg. 19', 'Abiezer', 'Gomez Gauthier', 66.67),
('English', 'Module 1', 'Homework', 'Cause and Effect pg. 26', 'Abiezer', 'Gomez Gauthier', 33.33),
('English', 'Module 1', 'Homework', 'Food Narrative pg. 59', 'Abiezer', 'Gomez Gauthier', 33.33),
('English', 'Module 1', 'Homework', 'Simile Monster', 'Abiezer', 'Gomez Gauthier', 33.33),
('English', 'Module 1', 'Homework', 'Haunted House', 'Abiezer', 'Gomez Gauthier', 100.0),
('English', 'Module 1', 'Homework', 'Personal Narrative', 'Abiezer', 'Gomez Gauthier', 66.67),
('English', 'Module 1', 'Homework', 'Ch. 2 Medieval', 'Abiezer', 'Gomez Gauthier', 66.67),
('English', 'Module 1', 'Homework', 'Ch. 4 Medieval', 'Abiezer', 'Gomez Gauthier', 66.67),
('English', 'Module 1', 'Homework', 'Medieval Opinion', 'Abiezer', 'Gomez Gauthier', 40.0),
('English', 'Module 1', 'Homework', 'Ch. 7 Medieval', 'Abiezer', 'Gomez Gauthier', 66.67),
('English', 'Module 1', 'Homework', 'Ch. 8 Medieval', 'Abiezer', 'Gomez Gauthier', 33.33),
('English', 'Module 1', 'Homework', 'Ch. 9 Medieval', 'Abiezer', 'Gomez Gauthier', 66.67),
('English', 'Module 1', 'Homework', 'Memory pg. 3', 'Joniel', 'Gonzalez', 100.0),
('English', 'Module 1', 'Homework', 'A Good Friend pg. 19', 'Joniel', 'Gonzalez', 100.0),
('English', 'Module 1', 'Homework', 'Cause and Effect pg. 26', 'Joniel', 'Gonzalez', 100.0),
('English', 'Module 1', 'Homework', 'Food Narrative pg. 59', 'Joniel', 'Gonzalez', 100.0),
('English', 'Module 1', 'Homework', 'Simile Monster', 'Joniel', 'Gonzalez', 100.0),
('English', 'Module 1', 'Homework', 'Haunted House', 'Joniel', 'Gonzalez', 100.0),
('English', 'Module 1', 'Homework', 'Personal Narrative', 'Joniel', 'Gonzalez', 100.0),
('English', 'Module 1', 'Homework', 'Ch. 2 Medieval', 'Joniel', 'Gonzalez', 100.0),
('English', 'Module 1', 'Homework', 'Ch. 4 Medieval', 'Joniel', 'Gonzalez', 100.0),
('English', 'Module 1', 'Homework', 'Medieval Opinion', 'Joniel', 'Gonzalez', 40.0),
('English', 'Module 1', 'Homework', 'Ch. 7 Medieval', 'Joniel', 'Gonzalez', 100.0),
('English', 'Module 1', 'Homework', 'Ch. 8 Medieval', 'Joniel', 'Gonzalez', 100.0),
('English', 'Module 1', 'Homework', 'Ch. 9 Medieval', 'Joniel', 'Gonzalez', 100.0),
('English', 'Module 1', 'Homework', 'Memory pg. 3', 'Blake', 'Grant', 33.33),
('English', 'Module 1', 'Homework', 'A Good Friend pg. 19', 'Blake', 'Grant', 100.0),
('English', 'Module 1', 'Homework', 'Cause and Effect pg. 26', 'Blake', 'Grant', 66.67),
('English', 'Module 1', 'Homework', 'Food Narrative pg. 59', 'Blake', 'Grant', 100.0),
('English', 'Module 1', 'Homework', 'Simile Monster', 'Blake', 'Grant', 100.0),
('English', 'Module 1', 'Homework', 'Haunted House', 'Blake', 'Grant', 100.0),
('English', 'Module 1', 'Homework', 'Personal Narrative', 'Blake', 'Grant', 100.0),
('English', 'Module 1', 'Homework', 'Ch. 2 Medieval', 'Blake', 'Grant', 100.0),
('English', 'Module 1', 'Homework', 'Ch. 4 Medieval', 'Blake', 'Grant', 100.0),
('English', 'Module 1', 'Homework', 'Medieval Opinion', 'Blake', 'Grant', 0.0),
('English', 'Module 1', 'Homework', 'Ch. 7 Medieval', 'Blake', 'Grant', 100.0),
('English', 'Module 1', 'Homework', 'Ch. 8 Medieval', 'Blake', 'Grant', 100.0),
('English', 'Module 1', 'Homework', 'Ch. 9 Medieval', 'Blake', 'Grant', 100.0),
('English', 'Module 1', 'Homework', 'Memory pg. 3', 'Julyana', 'Lewis', 33.33),
('English', 'Module 1', 'Homework', 'A Good Friend pg. 19', 'Julyana', 'Lewis', 100.0),
('English', 'Module 1', 'Homework', 'Cause and Effect pg. 26', 'Julyana', 'Lewis', 100.0),
('English', 'Module 1', 'Homework', 'Food Narrative pg. 59', 'Julyana', 'Lewis', 66.67),
('English', 'Module 1', 'Homework', 'Simile Monster', 'Julyana', 'Lewis', 100.0),
('English', 'Module 1', 'Homework', 'Haunted House', 'Julyana', 'Lewis', 100.0),
('English', 'Module 1', 'Homework', 'Personal Narrative', 'Julyana', 'Lewis', 100.0),
('English', 'Module 1', 'Homework', 'Ch. 2 Medieval', 'Julyana', 'Lewis', 100.0),
('English', 'Module 1', 'Homework', 'Ch. 4 Medieval', 'Julyana', 'Lewis', 100.0),
('English', 'Module 1', 'Homework', 'Medieval Opinion', 'Julyana', 'Lewis', 80.0),
('English', 'Module 1', 'Homework', 'Ch. 7 Medieval', 'Julyana', 'Lewis', 100.0),
('English', 'Module 1', 'Homework', 'Ch. 8 Medieval', 'Julyana', 'Lewis', 100.0),
('English', 'Module 1', 'Homework', 'Ch. 9 Medieval', 'Julyana', 'Lewis', 100.0),
('English', 'Module 1', 'Homework', 'Memory pg. 3', 'Dabriellyz', 'Maldonado', 66.67),
('English', 'Module 1', 'Homework', 'A Good Friend pg. 19', 'Dabriellyz', 'Maldonado', 100.0),
('English', 'Module 1', 'Homework', 'Cause and Effect pg. 26', 'Dabriellyz', 'Maldonado', 100.0),
('English', 'Module 1', 'Homework', 'Food Narrative pg. 59', 'Dabriellyz', 'Maldonado', 100.0),
('English', 'Module 1', 'Homework', 'Simile Monster', 'Dabriellyz', 'Maldonado', 100.0),
('English', 'Module 1', 'Homework', 'Haunted House', 'Dabriellyz', 'Maldonado', 100.0),
('English', 'Module 1', 'Homework', 'Personal Narrative', 'Dabriellyz', 'Maldonado', 66.67);
INSERT INTO raw_grades VALUES
('English', 'Module 1', 'Homework', 'Ch. 2 Medieval', 'Dabriellyz', 'Maldonado', 100.0),
('English', 'Module 1', 'Homework', 'Ch. 4 Medieval', 'Dabriellyz', 'Maldonado', 100.0),
('English', 'Module 1', 'Homework', 'Medieval Opinion', 'Dabriellyz', 'Maldonado', 80.0),
('English', 'Module 1', 'Homework', 'Ch. 7 Medieval', 'Dabriellyz', 'Maldonado', 100.0),
('English', 'Module 1', 'Homework', 'Ch. 8 Medieval', 'Dabriellyz', 'Maldonado', 100.0),
('English', 'Module 1', 'Homework', 'Ch. 9 Medieval', 'Dabriellyz', 'Maldonado', 100.0),
('English', 'Module 1', 'Homework', 'Memory pg. 3', 'Nolayah', 'McBee', 100.0),
('English', 'Module 1', 'Homework', 'A Good Friend pg. 19', 'Nolayah', 'McBee', 66.67),
('English', 'Module 1', 'Homework', 'Cause and Effect pg. 26', 'Nolayah', 'McBee', 33.33),
('English', 'Module 1', 'Homework', 'Food Narrative pg. 59', 'Nolayah', 'McBee', 100.0),
('English', 'Module 1', 'Homework', 'Simile Monster', 'Nolayah', 'McBee', 33.33),
('English', 'Module 1', 'Homework', 'Haunted House', 'Nolayah', 'McBee', 66.67),
('English', 'Module 1', 'Homework', 'Personal Narrative', 'Nolayah', 'McBee', 100.0),
('English', 'Module 1', 'Homework', 'Ch. 2 Medieval', 'Nolayah', 'McBee', 100.0),
('English', 'Module 1', 'Homework', 'Ch. 4 Medieval', 'Nolayah', 'McBee', 66.67),
('English', 'Module 1', 'Homework', 'Medieval Opinion', 'Nolayah', 'McBee', 80.0),
('English', 'Module 1', 'Homework', 'Ch. 7 Medieval', 'Nolayah', 'McBee', 66.67),
('English', 'Module 1', 'Homework', 'Ch. 8 Medieval', 'Nolayah', 'McBee', 66.67),
('English', 'Module 1', 'Homework', 'Ch. 9 Medieval', 'Nolayah', 'McBee', 100.0),
('English', 'Module 1', 'Homework', 'Memory pg. 3', 'King', 'McCall', 100.0),
('English', 'Module 1', 'Homework', 'A Good Friend pg. 19', 'King', 'McCall', 100.0),
('English', 'Module 1', 'Homework', 'Cause and Effect pg. 26', 'King', 'McCall', 66.67),
('English', 'Module 1', 'Homework', 'Food Narrative pg. 59', 'King', 'McCall', 100.0),
('English', 'Module 1', 'Homework', 'Simile Monster', 'King', 'McCall', 100.0),
('English', 'Module 1', 'Homework', 'Haunted House', 'King', 'McCall', 100.0),
('English', 'Module 1', 'Homework', 'Personal Narrative', 'King', 'McCall', 66.67),
('English', 'Module 1', 'Homework', 'Ch. 2 Medieval', 'King', 'McCall', 100.0),
('English', 'Module 1', 'Homework', 'Ch. 4 Medieval', 'King', 'McCall', 66.67),
('English', 'Module 1', 'Homework', 'Medieval Opinion', 'King', 'McCall', 80.0),
('English', 'Module 1', 'Homework', 'Ch. 7 Medieval', 'King', 'McCall', 100.0),
('English', 'Module 1', 'Homework', 'Ch. 8 Medieval', 'King', 'McCall', 100.0),
('English', 'Module 1', 'Homework', 'Ch. 9 Medieval', 'King', 'McCall', 66.67),
('English', 'Module 1', 'Homework', 'Memory pg. 3', 'Amiyah', 'Mills', 66.67),
('English', 'Module 1', 'Homework', 'A Good Friend pg. 19', 'Amiyah', 'Mills', 33.33),
('English', 'Module 1', 'Homework', 'Cause and Effect pg. 26', 'Amiyah', 'Mills', 33.33),
('English', 'Module 1', 'Homework', 'Food Narrative pg. 59', 'Amiyah', 'Mills', 100.0),
('English', 'Module 1', 'Homework', 'Simile Monster', 'Amiyah', 'Mills', 33.33),
('English', 'Module 1', 'Homework', 'Haunted House', 'Amiyah', 'Mills', 66.67),
('English', 'Module 1', 'Homework', 'Personal Narrative', 'Amiyah', 'Mills', 66.67),
('English', 'Module 1', 'Homework', 'Ch. 2 Medieval', 'Amiyah', 'Mills', 100.0),
('English', 'Module 1', 'Homework', 'Medieval Opinion', 'Amiyah', 'Mills', 0.0),
('English', 'Module 1', 'Homework', 'Ch. 7 Medieval', 'Amiyah', 'Mills', 66.67),
('English', 'Module 1', 'Homework', 'Ch. 9 Medieval', 'Amiyah', 'Mills', 66.67),
('English', 'Module 1', 'Homework', 'Memory pg. 3', 'Mary', 'Mumpton', 100.0),
('English', 'Module 1', 'Homework', 'A Good Friend pg. 19', 'Mary', 'Mumpton', 100.0),
('English', 'Module 1', 'Homework', 'Cause and Effect pg. 26', 'Mary', 'Mumpton', 100.0),
('English', 'Module 1', 'Homework', 'Food Narrative pg. 59', 'Mary', 'Mumpton', 100.0),
('English', 'Module 1', 'Homework', 'Simile Monster', 'Mary', 'Mumpton', 100.0),
('English', 'Module 1', 'Homework', 'Haunted House', 'Mary', 'Mumpton', 100.0),
('English', 'Module 1', 'Homework', 'Personal Narrative', 'Mary', 'Mumpton', 100.0),
('English', 'Module 1', 'Homework', 'Ch. 2 Medieval', 'Mary', 'Mumpton', 100.0),
('English', 'Module 1', 'Homework', 'Ch. 4 Medieval', 'Mary', 'Mumpton', 100.0),
('English', 'Module 1', 'Homework', 'Medieval Opinion', 'Mary', 'Mumpton', 100.0),
('English', 'Module 1', 'Homework', 'Ch. 7 Medieval', 'Mary', 'Mumpton', 66.67),
('English', 'Module 1', 'Homework', 'Ch. 8 Medieval', 'Mary', 'Mumpton', 100.0),
('English', 'Module 1', 'Homework', 'Ch. 9 Medieval', 'Mary', 'Mumpton', 100.0),
('English', 'Module 1', 'Homework', 'Memory pg. 3', 'Travis', 'Richards', 66.67),
('English', 'Module 1', 'Homework', 'A Good Friend pg. 19', 'Travis', 'Richards', 100.0),
('English', 'Module 1', 'Homework', 'Food Narrative pg. 59', 'Travis', 'Richards', 100.0),
('English', 'Module 1', 'Homework', 'Simile Monster', 'Travis', 'Richards', 100.0),
('English', 'Module 1', 'Homework', 'Haunted House', 'Travis', 'Richards', 100.0),
('English', 'Module 1', 'Homework', 'Personal Narrative', 'Travis', 'Richards', 100.0),
('English', 'Module 1', 'Homework', 'Ch. 2 Medieval', 'Travis', 'Richards', 100.0),
('English', 'Module 1', 'Homework', 'Ch. 4 Medieval', 'Travis', 'Richards', 100.0),
('English', 'Module 1', 'Homework', 'Medieval Opinion', 'Travis', 'Richards', 80.0),
('English', 'Module 1', 'Homework', 'Ch. 7 Medieval', 'Travis', 'Richards', 100.0),
('English', 'Module 1', 'Homework', 'Ch. 8 Medieval', 'Travis', 'Richards', 100.0),
('English', 'Module 1', 'Homework', 'Ch. 9 Medieval', 'Travis', 'Richards', 66.67),
('English', 'Module 1', 'Homework', 'Memory pg. 3', 'Kaylee', 'Rivera Laboy', 100.0),
('English', 'Module 1', 'Homework', 'A Good Friend pg. 19', 'Kaylee', 'Rivera Laboy', 100.0),
('English', 'Module 1', 'Homework', 'Cause and Effect pg. 26', 'Kaylee', 'Rivera Laboy', 100.0),
('English', 'Module 1', 'Homework', 'Food Narrative pg. 59', 'Kaylee', 'Rivera Laboy', 100.0),
('English', 'Module 1', 'Homework', 'Simile Monster', 'Kaylee', 'Rivera Laboy', 100.0),
('English', 'Module 1', 'Homework', 'Haunted House', 'Kaylee', 'Rivera Laboy', 100.0),
('English', 'Module 1', 'Homework', 'Personal Narrative', 'Kaylee', 'Rivera Laboy', 100.0),
('English', 'Module 1', 'Homework', 'Ch. 2 Medieval', 'Kaylee', 'Rivera Laboy', 100.0),
('English', 'Module 1', 'Homework', 'Ch. 4 Medieval', 'Kaylee', 'Rivera Laboy', 100.0),
('English', 'Module 1', 'Homework', 'Medieval Opinion', 'Kaylee', 'Rivera Laboy', 100.0),
('English', 'Module 1', 'Homework', 'Ch. 7 Medieval', 'Kaylee', 'Rivera Laboy', 100.0),
('English', 'Module 1', 'Homework', 'Ch. 8 Medieval', 'Kaylee', 'Rivera Laboy', 100.0),
('English', 'Module 1', 'Homework', 'Ch. 9 Medieval', 'Kaylee', 'Rivera Laboy', 100.0),
('English', 'Module 1', 'Homework', 'Memory pg. 3', 'Weston', 'Tiano', 33.33),
('English', 'Module 1', 'Homework', 'A Good Friend pg. 19', 'Weston', 'Tiano', 100.0),
('English', 'Module 1', 'Homework', 'Cause and Effect pg. 26', 'Weston', 'Tiano', 33.33),
('English', 'Module 1', 'Homework', 'Food Narrative pg. 59', 'Weston', 'Tiano', 33.33),
('English', 'Module 1', 'Homework', 'Simile Monster', 'Weston', 'Tiano', 33.33),
('English', 'Module 1', 'Homework', 'Haunted House', 'Weston', 'Tiano', 100.0),
('English', 'Module 1', 'Homework', 'Personal Narrative', 'Weston', 'Tiano', 33.33),
('English', 'Module 1', 'Homework', 'Ch. 2 Medieval', 'Weston', 'Tiano', 100.0),
('English', 'Module 1', 'Homework', 'Ch. 4 Medieval', 'Weston', 'Tiano', 33.33),
('English', 'Module 1', 'Homework', 'Medieval Opinion', 'Weston', 'Tiano', 0.0),
('English', 'Module 1', 'Homework', 'Ch. 7 Medieval', 'Weston', 'Tiano', 100.0),
('English', 'Module 1', 'Homework', 'Ch. 8 Medieval', 'Weston', 'Tiano', 33.33),
('English', 'Module 1', 'Homework', 'Ch. 9 Medieval', 'Weston', 'Tiano', 33.33),
('English', 'Module 1', 'Homework', 'Memory pg. 3', 'Emmalina', 'Torres', 100.0),
('English', 'Module 1', 'Homework', 'A Good Friend pg. 19', 'Emmalina', 'Torres', 100.0),
('English', 'Module 1', 'Homework', 'Cause and Effect pg. 26', 'Emmalina', 'Torres', 100.0),
('English', 'Module 1', 'Homework', 'Food Narrative pg. 59', 'Emmalina', 'Torres', 33.33),
('English', 'Module 1', 'Homework', 'Simile Monster', 'Emmalina', 'Torres', 100.0),
('English', 'Module 1', 'Homework', 'Haunted House', 'Emmalina', 'Torres', 100.0);
INSERT INTO raw_grades VALUES
('English', 'Module 1', 'Homework', 'Personal Narrative', 'Emmalina', 'Torres', 100.0),
('English', 'Module 1', 'Homework', 'Ch. 2 Medieval', 'Emmalina', 'Torres', 100.0),
('English', 'Module 1', 'Homework', 'Ch. 9 Medieval', 'Emmalina', 'Torres', 66.67),
('English', 'Module 1', 'Homework', 'Memory pg. 3', 'Ezequiel', 'Torres', 33.33),
('English', 'Module 1', 'Homework', 'A Good Friend pg. 19', 'Ezequiel', 'Torres', 33.33),
('English', 'Module 1', 'Homework', 'Cause and Effect pg. 26', 'Ezequiel', 'Torres', 33.33),
('English', 'Module 1', 'Homework', 'Food Narrative pg. 59', 'Ezequiel', 'Torres', 66.67),
('English', 'Module 1', 'Homework', 'Simile Monster', 'Ezequiel', 'Torres', 33.33),
('English', 'Module 1', 'Homework', 'Haunted House', 'Ezequiel', 'Torres', 33.33),
('English', 'Module 1', 'Homework', 'Personal Narrative', 'Ezequiel', 'Torres', 33.33),
('English', 'Module 1', 'Homework', 'Ch. 2 Medieval', 'Ezequiel', 'Torres', 66.67),
('English', 'Module 1', 'Homework', 'Ch. 4 Medieval', 'Ezequiel', 'Torres', 66.67),
('English', 'Module 1', 'Homework', 'Medieval Opinion', 'Ezequiel', 'Torres', 0.0),
('English', 'Module 1', 'Homework', 'Ch. 7 Medieval', 'Ezequiel', 'Torres', 33.33),
('English', 'Module 1', 'Homework', 'Ch. 8 Medieval', 'Ezequiel', 'Torres', 100.0),
('English', 'Module 1', 'Homework', 'Ch. 9 Medieval', 'Ezequiel', 'Torres', 33.33),
('English', 'Module 1', 'Homework', 'Memory pg. 3', 'Fabio', 'Vargas De Paz', 100.0),
('English', 'Module 1', 'Homework', 'A Good Friend pg. 19', 'Fabio', 'Vargas De Paz', 100.0),
('English', 'Module 1', 'Homework', 'Cause and Effect pg. 26', 'Fabio', 'Vargas De Paz', 100.0),
('English', 'Module 1', 'Homework', 'Food Narrative pg. 59', 'Fabio', 'Vargas De Paz', 100.0),
('English', 'Module 1', 'Homework', 'Simile Monster', 'Fabio', 'Vargas De Paz', 100.0),
('English', 'Module 1', 'Homework', 'Haunted House', 'Fabio', 'Vargas De Paz', 100.0),
('English', 'Module 1', 'Homework', 'Personal Narrative', 'Fabio', 'Vargas De Paz', 100.0),
('English', 'Module 1', 'Homework', 'Ch. 2 Medieval', 'Fabio', 'Vargas De Paz', 100.0),
('English', 'Module 1', 'Homework', 'Ch. 4 Medieval', 'Fabio', 'Vargas De Paz', 66.67),
('English', 'Module 1', 'Homework', 'Medieval Opinion', 'Fabio', 'Vargas De Paz', 40.0),
('English', 'Module 1', 'Homework', 'Ch. 7 Medieval', 'Fabio', 'Vargas De Paz', 100.0),
('English', 'Module 1', 'Homework', 'Ch. 8 Medieval', 'Fabio', 'Vargas De Paz', 100.0),
('English', 'Module 1', 'Homework', 'Ch. 9 Medieval', 'Fabio', 'Vargas De Paz', 66.67),
('English', 'Module 1', 'Homework', 'Memory pg. 3', 'Eva', 'Villafane-Velez', 100.0),
('English', 'Module 1', 'Homework', 'A Good Friend pg. 19', 'Eva', 'Villafane-Velez', 100.0),
('English', 'Module 1', 'Homework', 'Cause and Effect pg. 26', 'Eva', 'Villafane-Velez', 100.0),
('English', 'Module 1', 'Homework', 'Food Narrative pg. 59', 'Eva', 'Villafane-Velez', 100.0),
('English', 'Module 1', 'Homework', 'Simile Monster', 'Eva', 'Villafane-Velez', 100.0),
('English', 'Module 1', 'Homework', 'Haunted House', 'Eva', 'Villafane-Velez', 100.0),
('English', 'Module 1', 'Homework', 'Personal Narrative', 'Eva', 'Villafane-Velez', 66.67),
('English', 'Module 1', 'Homework', 'Ch. 2 Medieval', 'Eva', 'Villafane-Velez', 100.0),
('English', 'Module 1', 'Homework', 'Ch. 4 Medieval', 'Eva', 'Villafane-Velez', 100.0),
('English', 'Module 1', 'Homework', 'Medieval Opinion', 'Eva', 'Villafane-Velez', 100.0),
('English', 'Module 1', 'Homework', 'Ch. 7 Medieval', 'Eva', 'Villafane-Velez', 66.67),
('English', 'Module 1', 'Homework', 'Ch. 8 Medieval', 'Eva', 'Villafane-Velez', 100.0),
('English', 'Module 1', 'Homework', 'Ch. 9 Medieval', 'Eva', 'Villafane-Velez', 100.0),
('English', 'Module 1', 'Homework', 'Polio Comprehension Questions pg. 127', 'Josue', 'Asuncion', 100.0),
('English', 'Module 1', 'Homework', 'Unit 1 Reading Comprehension', 'Josue', 'Asuncion', 13.89),
('English', 'Module 1', 'Homework', 'Wild, Wild Weather', 'Josue', 'Asuncion', 41.67),
('English', 'Module 1', 'Homework', 'Firsthand vs. Secondhand', 'Josue', 'Asuncion', 10.0),
('English', 'Module 1', 'Homework', 'Polio Comprehension Questions pg. 127', 'Harry', 'Ballard V', 75.0),
('English', 'Module 1', 'Homework', 'Unit 1 Reading Comprehension', 'Harry', 'Ballard V', 58.33),
('English', 'Module 1', 'Homework', 'Wild, Wild Weather', 'Harry', 'Ballard V', 100.0),
('English', 'Module 1', 'Homework', 'Firsthand vs. Secondhand', 'Harry', 'Ballard V', 100.0),
('English', 'Module 1', 'Homework', 'Unit 1 Reading Comprehension', 'Briana', 'Battle', 18.06),
('English', 'Module 1', 'Homework', 'Wild, Wild Weather', 'Briana', 'Battle', 0.0),
('English', 'Module 1', 'Homework', 'Firsthand vs. Secondhand', 'Briana', 'Battle', 0.0),
('English', 'Module 1', 'Homework', 'Polio Comprehension Questions pg. 127', 'Luna', 'Cantres', 75.0),
('English', 'Module 1', 'Homework', 'Unit 1 Reading Comprehension', 'Luna', 'Cantres', 19.44),
('English', 'Module 1', 'Homework', 'Wild, Wild Weather', 'Luna', 'Cantres', 0.0),
('English', 'Module 1', 'Homework', 'Firsthand vs. Secondhand', 'Luna', 'Cantres', 0.0),
('English', 'Module 1', 'Homework', 'Polio Comprehension Questions pg. 127', 'Anthony', 'Constantine III', 100.0),
('English', 'Module 1', 'Homework', 'Wild, Wild Weather', 'Anthony', 'Constantine III', 66.67),
('English', 'Module 1', 'Homework', 'Firsthand vs. Secondhand', 'Anthony', 'Constantine III', 80.0),
('English', 'Module 1', 'Homework', 'Polio Comprehension Questions pg. 127', 'Dante', 'Faustner', 25.0),
('English', 'Module 1', 'Homework', 'Unit 1 Reading Comprehension', 'Dante', 'Faustner', 44.44),
('English', 'Module 1', 'Homework', 'Wild, Wild Weather', 'Dante', 'Faustner', 41.67),
('English', 'Module 1', 'Homework', 'Polio Comprehension Questions pg. 127', 'Inali', 'Feliciano', 100.0),
('English', 'Module 1', 'Homework', 'Unit 1 Reading Comprehension', 'Inali', 'Feliciano', 29.17),
('English', 'Module 1', 'Homework', 'Wild, Wild Weather', 'Inali', 'Feliciano', 58.33),
('English', 'Module 1', 'Homework', 'Firsthand vs. Secondhand', 'Inali', 'Feliciano', 0.0),
('English', 'Module 1', 'Homework', 'Polio Comprehension Questions pg. 127', 'Abiezer', 'Gomez Gauthier', 50.0),
('English', 'Module 1', 'Homework', 'Unit 1 Reading Comprehension', 'Abiezer', 'Gomez Gauthier', 61.11),
('English', 'Module 1', 'Homework', 'Wild, Wild Weather', 'Abiezer', 'Gomez Gauthier', 75.0),
('English', 'Module 1', 'Homework', 'Firsthand vs. Secondhand', 'Abiezer', 'Gomez Gauthier', 31.58),
('English', 'Module 1', 'Homework', 'Polio Comprehension Questions pg. 127', 'Joniel', 'Gonzalez', 100.0),
('English', 'Module 1', 'Homework', 'Unit 1 Reading Comprehension', 'Joniel', 'Gonzalez', 13.89),
('English', 'Module 1', 'Homework', 'Wild, Wild Weather', 'Joniel', 'Gonzalez', 83.33),
('English', 'Module 1', 'Homework', 'Firsthand vs. Secondhand', 'Joniel', 'Gonzalez', 60.0),
('English', 'Module 1', 'Homework', 'Polio Comprehension Questions pg. 127', 'Blake', 'Grant', 25.0),
('English', 'Module 1', 'Homework', 'Unit 1 Reading Comprehension', 'Blake', 'Grant', 69.44),
('English', 'Module 1', 'Homework', 'Wild, Wild Weather', 'Blake', 'Grant', 16.67),
('English', 'Module 1', 'Homework', 'Firsthand vs. Secondhand', 'Blake', 'Grant', 90.0),
('English', 'Module 1', 'Homework', 'Polio Comprehension Questions pg. 127', 'Julyana', 'Lewis', 100.0),
('English', 'Module 1', 'Homework', 'Unit 1 Reading Comprehension', 'Julyana', 'Lewis', 29.17),
('English', 'Module 1', 'Homework', 'Wild, Wild Weather', 'Julyana', 'Lewis', 50.0),
('English', 'Module 1', 'Homework', 'Firsthand vs. Secondhand', 'Julyana', 'Lewis', 20.0),
('English', 'Module 1', 'Homework', 'Polio Comprehension Questions pg. 127', 'Dabriellyz', 'Maldonado', 100.0),
('English', 'Module 1', 'Homework', 'Unit 1 Reading Comprehension', 'Dabriellyz', 'Maldonado', 41.67),
('English', 'Module 1', 'Homework', 'Wild, Wild Weather', 'Dabriellyz', 'Maldonado', 66.67),
('English', 'Module 1', 'Homework', 'Firsthand vs. Secondhand', 'Dabriellyz', 'Maldonado', 50.0),
('English', 'Module 1', 'Homework', 'Polio Comprehension Questions pg. 127', 'Nolayah', 'McBee', 75.0),
('English', 'Module 1', 'Homework', 'Unit 1 Reading Comprehension', 'Nolayah', 'McBee', 22.22),
('English', 'Module 1', 'Homework', 'Wild, Wild Weather', 'Nolayah', 'McBee', 33.33),
('English', 'Module 1', 'Homework', 'Firsthand vs. Secondhand', 'Nolayah', 'McBee', 0.0),
('English', 'Module 1', 'Homework', 'Polio Comprehension Questions pg. 127', 'King', 'McCall', 100.0),
('English', 'Module 1', 'Homework', 'Unit 1 Reading Comprehension', 'King', 'McCall', 41.67),
('English', 'Module 1', 'Homework', 'Wild, Wild Weather', 'King', 'McCall', 66.67),
('English', 'Module 1', 'Homework', 'Firsthand vs. Secondhand', 'King', 'McCall', 70.0),
('English', 'Module 1', 'Homework', 'Polio Comprehension Questions pg. 127', 'Amiyah', 'Mills', 50.0),
('English', 'Module 1', 'Homework', 'Unit 1 Reading Comprehension', 'Amiyah', 'Mills', 13.89),
('English', 'Module 1', 'Homework', 'Wild, Wild Weather', 'Amiyah', 'Mills', 66.67),
('English', 'Module 1', 'Homework', 'Firsthand vs. Secondhand', 'Amiyah', 'Mills', 10.0),
('English', 'Module 1', 'Homework', 'Polio Comprehension Questions pg. 127', 'Mary', 'Mumpton', 100.0);
INSERT INTO raw_grades VALUES
('English', 'Module 1', 'Homework', 'Unit 1 Reading Comprehension', 'Mary', 'Mumpton', 63.89),
('English', 'Module 1', 'Homework', 'Wild, Wild Weather', 'Mary', 'Mumpton', 100.0),
('English', 'Module 1', 'Homework', 'Firsthand vs. Secondhand', 'Mary', 'Mumpton', 100.0),
('English', 'Module 1', 'Homework', 'Polio Comprehension Questions pg. 127', 'Travis', 'Richards', 100.0),
('English', 'Module 1', 'Homework', 'Unit 1 Reading Comprehension', 'Travis', 'Richards', 25.0),
('English', 'Module 1', 'Homework', 'Wild, Wild Weather', 'Travis', 'Richards', 66.67),
('English', 'Module 1', 'Homework', 'Firsthand vs. Secondhand', 'Travis', 'Richards', 60.0),
('English', 'Module 1', 'Homework', 'Polio Comprehension Questions pg. 127', 'Kaylee', 'Rivera Laboy', 100.0),
('English', 'Module 1', 'Homework', 'Unit 1 Reading Comprehension', 'Kaylee', 'Rivera Laboy', 69.44),
('English', 'Module 1', 'Homework', 'Wild, Wild Weather', 'Kaylee', 'Rivera Laboy', 66.67),
('English', 'Module 1', 'Homework', 'Firsthand vs. Secondhand', 'Kaylee', 'Rivera Laboy', 70.0),
('English', 'Module 1', 'Homework', 'Polio Comprehension Questions pg. 127', 'Weston', 'Tiano', 50.0),
('English', 'Module 1', 'Homework', 'Wild, Wild Weather', 'Weston', 'Tiano', 0.0),
('English', 'Module 1', 'Homework', 'Firsthand vs. Secondhand', 'Weston', 'Tiano', 0.0),
('English', 'Module 1', 'Homework', 'Unit 1 Reading Comprehension', 'Emmalina', 'Torres', 25.0),
('English', 'Module 1', 'Homework', 'Wild, Wild Weather', 'Emmalina', 'Torres', 41.67),
('English', 'Module 1', 'Homework', 'Firsthand vs. Secondhand', 'Emmalina', 'Torres', 20.0),
('English', 'Module 1', 'Homework', 'Polio Comprehension Questions pg. 127', 'Ezequiel', 'Torres', 25.0),
('English', 'Module 1', 'Homework', 'Unit 1 Reading Comprehension', 'Ezequiel', 'Torres', 25.0),
('English', 'Module 1', 'Homework', 'Wild, Wild Weather', 'Ezequiel', 'Torres', 0.0),
('English', 'Module 1', 'Homework', 'Firsthand vs. Secondhand', 'Ezequiel', 'Torres', 0.0),
('English', 'Module 1', 'Homework', 'Polio Comprehension Questions pg. 127', 'Fabio', 'Vargas De Paz', 100.0),
('English', 'Module 1', 'Homework', 'Unit 1 Reading Comprehension', 'Fabio', 'Vargas De Paz', 44.44),
('English', 'Module 1', 'Homework', 'Wild, Wild Weather', 'Fabio', 'Vargas De Paz', 66.67),
('English', 'Module 1', 'Homework', 'Polio Comprehension Questions pg. 127', 'Eva', 'Villafane-Velez', 100.0),
('English', 'Module 1', 'Homework', 'Unit 1 Reading Comprehension', 'Eva', 'Villafane-Velez', 19.44),
('English', 'Module 1', 'Homework', 'Wild, Wild Weather', 'Eva', 'Villafane-Velez', 66.67),
('English', 'Module 1', 'Homework', 'Firsthand vs. Secondhand', 'Eva', 'Villafane-Velez', 50.0),
('Science', 'Module 1', 'Homework', 'Experience 2', 'Josue', 'Asuncion', 20.0),
('Science', 'Module 1', 'Homework', 'Experience 3', 'Josue', 'Asuncion', 40.0),
('Science', 'Module 1', 'Assessment', 'Unit Assessment', 'Josue', 'Asuncion', 35.71),
('Science', 'Module 1', 'Homework', 'Experience 2', 'Harry', 'Ballard V', 80.0),
('Science', 'Module 1', 'Homework', 'Experience 3', 'Harry', 'Ballard V', 50.0),
('Science', 'Module 1', 'Assessment', 'Unit Assessment', 'Harry', 'Ballard V', 92.86),
('Science', 'Module 1', 'Homework', 'Experience 2', 'Briana', 'Battle', 20.0),
('Science', 'Module 1', 'Homework', 'Experience 2', 'Luna', 'Cantres', 60.0),
('Science', 'Module 1', 'Homework', 'Experience 3', 'Luna', 'Cantres', 50.0),
('Science', 'Module 1', 'Homework', 'Experience 2', 'Anthony', 'Constantine III', 40.0),
('Science', 'Module 1', 'Homework', 'Experience 3', 'Anthony', 'Constantine III', 60.0),
('Science', 'Module 1', 'Assessment', 'Unit Assessment', 'Anthony', 'Constantine III', 28.57),
('Science', 'Module 1', 'Homework', 'Experience 3', 'Dante', 'Faustner', 60.0),
('Science', 'Module 1', 'Assessment', 'Unit Assessment', 'Dante', 'Faustner', 71.43),
('Science', 'Module 1', 'Homework', 'Experience 2', 'Inali', 'Feliciano', 40.0),
('Science', 'Module 1', 'Homework', 'Experience 3', 'Inali', 'Feliciano', 40.0),
('Science', 'Module 1', 'Assessment', 'Unit Assessment', 'Inali', 'Feliciano', 57.14),
('Science', 'Module 1', 'Homework', 'Experience 2', 'Abiezer', 'Gomez Gauthier', 60.0),
('Science', 'Module 1', 'Homework', 'Experience 3', 'Abiezer', 'Gomez Gauthier', 90.0),
('Science', 'Module 1', 'Assessment', 'Unit Assessment', 'Abiezer', 'Gomez Gauthier', 92.86),
('Science', 'Module 1', 'Homework', 'Experience 2', 'Joniel', 'Gonzalez', 0.0),
('Science', 'Module 1', 'Homework', 'Experience 3', 'Joniel', 'Gonzalez', 20.0),
('Science', 'Module 1', 'Assessment', 'Unit Assessment', 'Joniel', 'Gonzalez', 35.71),
('Science', 'Module 1', 'Homework', 'Experience 2', 'Blake', 'Grant', 20.0),
('Science', 'Module 1', 'Homework', 'Experience 3', 'Blake', 'Grant', 80.0),
('Science', 'Module 1', 'Assessment', 'Unit Assessment', 'Blake', 'Grant', 92.86),
('Science', 'Module 1', 'Homework', 'Experience 3', 'Julyana', 'Lewis', 60.0),
('Science', 'Module 1', 'Assessment', 'Unit Assessment', 'Julyana', 'Lewis', 35.71),
('Science', 'Module 1', 'Homework', 'Experience 2', 'Dabriellyz', 'Maldonado', 60.0),
('Science', 'Module 1', 'Homework', 'Experience 3', 'Dabriellyz', 'Maldonado', 70.0),
('Science', 'Module 1', 'Assessment', 'Unit Assessment', 'Dabriellyz', 'Maldonado', 50.0),
('Science', 'Module 1', 'Homework', 'Experience 2', 'Nolayah', 'McBee', 0.0),
('Science', 'Module 1', 'Homework', 'Experience 3', 'Nolayah', 'McBee', 20.0),
('Science', 'Module 1', 'Assessment', 'Unit Assessment', 'Nolayah', 'McBee', 28.57),
('Science', 'Module 1', 'Homework', 'Experience 2', 'King', 'McCall', 20.0),
('Science', 'Module 1', 'Assessment', 'Unit Assessment', 'King', 'McCall', 57.14),
('Science', 'Module 1', 'Homework', 'Experience 2', 'Amiyah', 'Mills', 20.0),
('Science', 'Module 1', 'Homework', 'Experience 3', 'Amiyah', 'Mills', 50.0),
('Science', 'Module 1', 'Assessment', 'Unit Assessment', 'Amiyah', 'Mills', 21.43),
('Science', 'Module 1', 'Homework', 'Experience 2', 'Mary', 'Mumpton', 60.0),
('Science', 'Module 1', 'Homework', 'Experience 3', 'Mary', 'Mumpton', 80.0),
('Science', 'Module 1', 'Assessment', 'Unit Assessment', 'Mary', 'Mumpton', 85.71),
('Science', 'Module 1', 'Homework', 'Experience 2', 'Travis', 'Richards', 40.0),
('Science', 'Module 1', 'Homework', 'Experience 3', 'Travis', 'Richards', 100.0),
('Science', 'Module 1', 'Assessment', 'Unit Assessment', 'Travis', 'Richards', 85.71),
('Science', 'Module 1', 'Homework', 'Experience 2', 'Kaylee', 'Rivera Laboy', 40.0),
('Science', 'Module 1', 'Homework', 'Experience 3', 'Kaylee', 'Rivera Laboy', 80.0),
('Science', 'Module 1', 'Assessment', 'Unit Assessment', 'Kaylee', 'Rivera Laboy', 64.29),
('Science', 'Module 1', 'Homework', 'Experience 2', 'Weston', 'Tiano', 40.0),
('Science', 'Module 1', 'Homework', 'Experience 3', 'Weston', 'Tiano', 60.0),
('Science', 'Module 1', 'Assessment', 'Unit Assessment', 'Weston', 'Tiano', 35.71),
('Science', 'Module 1', 'Homework', 'Experience 2', 'Emmalina', 'Torres', 0.0),
('Science', 'Module 1', 'Homework', 'Experience 2', 'Ezequiel', 'Torres', 0.0),
('Science', 'Module 1', 'Homework', 'Experience 3', 'Ezequiel', 'Torres', 10.0),
('Science', 'Module 1', 'Homework', 'Experience 2', 'Fabio', 'Vargas De Paz', 40.0),
('Science', 'Module 1', 'Homework', 'Experience 3', 'Fabio', 'Vargas De Paz', 60.0),
('Science', 'Module 1', 'Assessment', 'Unit Assessment', 'Fabio', 'Vargas De Paz', 78.57),
('Science', 'Module 1', 'Homework', 'Experience 2', 'Eva', 'Villafane-Velez', 0.0),
('Science', 'Module 1', 'Homework', 'Experience 3', 'Eva', 'Villafane-Velez', 60.0),
('Science', 'Module 1', 'Assessment', 'Unit Assessment', 'Eva', 'Villafane-Velez', 35.71);

DO $$
BEGIN
    INSERT INTO assignments (name, max_points, module_id, category_id, trimester, due_date)
    SELECT DISTINCT rg.a, 100, m.id, cat.id, 1, NOW()
    FROM raw_grades rg
    JOIN classes c ON c.name = rg.c
    JOIN modules m ON m.class_id = c.id AND m.name = rg.m
    JOIN categories cat ON cat.class_id = c.id AND cat.name = rg.cat;
    
    INSERT INTO grades (student_id, assignment_id, score)
    SELECT s.id, a.id, rg.sc
    FROM raw_grades rg
    JOIN students s ON s.first_name = rg.sf AND s.last_name = rg.sl
    JOIN classes c ON c.name = rg.c
    JOIN modules m ON m.class_id = c.id AND m.name = rg.m
    JOIN categories cat ON cat.class_id = c.id AND cat.name = rg.cat
    JOIN assignments a ON a.name = rg.a AND a.module_id = m.id AND a.category_id = cat.id;
END $$;
DROP TABLE raw_grades;
